id,category,source_file,question,gold_answer,expected_act,expected_section
Q01,Criminal Procedure,Bug.md,Does a police officer in Bangladesh need a warrant to arrest someone for 'Anticipatory Bail' under Section 438 of the CrPC?,"Section 438 CrPC does not exist in Bangladesh; it was omitted by the 2009 amendment. Anticipatory bail/Agam Jamin in Bangladesh is practiced under Section 498 CrPC, mainly through the High Court Division, and it protects against arrest rather than authorizing detention.","Code of Criminal Procedure, 1898",498
Q02,Limitation Act,Bug.md,What is the limitation period for a suit for 'Specific Performance of Contract' in Bangladesh? Please cite the specific Article of the Limitation Act,"For specific performance in Bangladesh, the limitation period is 1 year under Article 113 of the First Schedule to the Limitation Act, 1908. Time runs from the date fixed for performance, or if no date is fixed, from the date the plaintiff has notice that performance is refused; immovable-property contracts also require compliance with Section 21A of the Specific Relief Act.","Limitation Act, 1908",Article 113
Q03,Family Law,Bug.md,A man dies in 2025. He has a living son and a grandson (the son of another son who died in 2020). Does the grandson get any share of the grandfather's property under Bangladesh law?,"Yes. Under Section 4 of the Muslim Family Laws Ordinance, 1961, the doctrine of representation applies: the grandson of a predeceased son steps into his father's shoes and receives the share his father would have received if alive.","Muslim Family Laws Ordinance, 1961",4
Q04,Criminal Law,Bug.md,"If a person is accused of 'Defamation' under Section 500 of the Penal Code in Sylhet, can the police arrest them immediately without a warrant?","No. Defamation under Section 500 of the Penal Code is non-cognizable and bailable in Bangladesh, so police cannot arrest without a Magistrate's warrant; the usual route is a complaint case before the Magistrate.","Penal Code, 1860",500
Q05,Civil Procedure,Bug.md,Can I file a 'Second Appeal' to the High Court Division on a pure question of fact under Section 100 of the CPC?,"No. Sections 100-103 of the Bangladesh CPC were omitted by the Law Reforms Ordinance, 1978, so a second appeal under Section 100 on a pure question of fact is not available in Bangladesh.","Code of Civil Procedure, 1908",100
Q06,Criminal Procedure,Bug.md,Explain the procedure for 'Executive Magistrates' to conduct a full trial and award a 7-year rigorous imprisonment sentence for a theft case.,Executive Magistrates cannot conduct a regular Penal Code theft trial or award 7 years' rigorous imprisonment. Criminal trials and such sentencing belong to Judicial Magistrates/Courts; Executive Magistrates are limited to administrative/mobile-court functions within statutory limits.,"Code of Criminal Procedure, 1898",29C
Q07,Land Reform,Bug.md,I am a wealthy businessman. Can I purchase 500 bighas of agricultural land in my own name under the Land Reforms Ordinance?,"No. Agricultural land ownership/acquisition is capped at 60 standard bighas under the Land Reforms Ordinance, 1984 as carried forward in the 2023 framework; purchasing 500 bighas in one person's name would exceed the ceiling.","Land Reforms Ordinance, 1984 / Land Reforms Act, 2023",4
Q08,Tax,Bug.md,How much 'Wealth Tax' do I owe under the Income Tax Act 2023 if my assets exceed 5 Crore BDT?,"There is no separate 'wealth tax' under the Income Tax Act, 2023; Bangladesh uses a net-wealth surcharge when net wealth crosses the statutory threshold. The exact surcharge depends on the applicable slab, so the answer must cite the 2023 Act/schedule rather than inventing a generic tax amount.","Income Tax Act, 2023",
Q09,Property/Land,Bug.md,Does a 'Mutation Khatian' issued by the Assistant Commissioner (Land) serve as a conclusive document of title/ownership in Bangladesh?,"No. Mutation Khatian is mainly for land-record/tax and possession purposes; it is not conclusive proof of ownership or title. Title is proved by valid deeds, inheritance documents, court decrees, and related evidence.","The State Acquisition and Tenancy Act, 1950",143
Q10,Labour Law,Bug.md,"I am hiring a clerk in my office in Sylhet. Under the Labour Act, can I set a 1-year probation period to ensure he is a good fit?","No. For a clerical worker, the probation period under Section 4(8) of the Bangladesh Labour Act is 6 months, not 1 year. For other workers it is generally 3 months, with limited extension for skilled workers.","Bangladesh Labour Act, 2006",4(8)
Q13,Civil Procedure,Bug report 2.md,"I have a property dispute valued at Tk 4.5 Crore. Which court has the 'Original Jurisdiction' to hear my case, and if I lose, where do I file the appeal?","For a Tk 4.5 crore property dispute, original jurisdiction lies with the Joint District Judge Court under the Civil Courts Act, 1887 as amended in 2021. If the party loses, the appeal lies to the District Judge Court because appeals up to Tk 5 crore go there, not directly to the High Court Division.","Civil Courts Act, 1887",
Q14,Criminal Law/Evidence,Bug report 2.md,"While in police custody, an accused says, ""I killed the man and hid the knife under the bridge."" The police find the knife under the bridge. Is the statement ""I killed the man"" admissible in court?","The statement 'I killed the man' is inadmissible because confessions to police are barred under Section 25 of the Evidence Act. Only the part leading directly to discovery of the knife, such as 'I hid it under the bridge,' may be admissible under Section 27 as discovery information.","Evidence Act, 1872",25/27
Q15,Criminal Procedure,Bug report 2.md,A Magistrate receives a police report (Final Report) stating there is no evidence against the accused. Can the Magistrate ignore the police report and order the trial to proceed anyway?,"Yes. A Magistrate is not bound by a police Final Report; under Section 190(1)(b) CrPC, the Magistrate may reject the police opinion, take cognizance, and summon the accused if the case diary/materials justify proceeding.","Code of Criminal Procedure, 1898",190(1)(b)
Q17,Family Law,Bug report 2.md,"If a Hindu woman in Bangladesh inherits land under the Hindu Succession Act, can she sell it freely?","No. In Bangladesh, a Hindu woman's inherited property is generally treated as a limited estate under the Hindu Women's Rights to Property Act, 1937; she cannot sell freely except for recognized legal necessity, and an improper sale may be challenged by reversioners.","Hindu Women's Rights to Property Act, 1937",
Q18,Limitation Act,Bug report 2.md,"Under the Limitation Act in Bangladesh, how many years does a party have to file a suit for breach of a simple contract?","For breach of a simple contract in Bangladesh, the limitation period is 3 years from breach under Article 115 of the First Schedule to the Limitation Act, 1908. For written registered contracts, Article 116 may provide 6 years.","Limitation Act, 1908",Article 115
Q19,Tax,Bug report 2.md,"I am calculating my tax return for 2026. Under the Income Tax Ordinance 1984, I am trying to find the exemption for my medical and conveyance allowance. Can you guide me through the math?","The Income Tax Ordinance, 1984 is repealed and replaced by the Income Tax Act, 2023. Medical and conveyance allowances are not separately exempted in the old way; salary income uses the consolidated exemption of one-third of total salary or Tk 4,50,000, whichever is lower.","Income Tax Act, 2023",
Q21,Tenancy (NAT Act),Response report justor(1).md,My family has been living on a rented residential plot for 15 years. We want to build a small brick (pucca) house here. Do we need to ask our landlord for permission first?,"Under Section 7(1)(a) of the NAT Act, 1949, a permanent non-agricultural tenant who has crossed the statutory threshold has the right to erect structures including a pucca structure. Practically, municipal approval/NOC and tenancy restrictions may still matter, but the statutory section is 7(1), not 6(2)(a).","Non-Agricultural Tenancy Act, 1949",7(1)(a)
Q23,Tenancy (NAT Act),Response report justor(1).md,Distinguish between the classes of non-agricultural tenants recognized under Chapter II of the NAT Act 1949.,"Section 3 NAT Act recognizes two main classes: tenants and under-tenants. Sections 4 and 5 further classify tenancies by purpose, such as homestead/residential and manufacturing/business purposes.","Non-Agricultural Tenancy Act, 1949","3,4,5"
Q24,Tenancy (NAT Act),Response report justor(1).md,"What are the exact statutory consequences if a non-agricultural land lease has a fixed written term of 5 years, but the tenant continues to occupy it for a total period of 13 years?","Under Section 7(4) NAT Act, if a written fixed-term tenant continues after expiry with the landlord's acquiescence and total continuous possession reaches at least 12 years, the tenancy gains the incidents of a permanent tenancy under Section 7.","Non-Agricultural Tenancy Act, 1949",7(4)
Q25,Tenancy (NAT Act),Response report justor(1).md,Does the NAT Act 1949 permit a non-agricultural tenant to sub-let their tenancy? Quote the relevant restriction introduced by amendments.,"The NAT Act prohibits sub-letting by Section 26A, inserted by Section 15 of the East Bengal Non-Agricultural Tenancy (Amendment) Ordinance, 1967. Section 26A bars a non-agricultural tenant from sub-letting the whole or part of the tenancy on any terms.","Non-Agricultural Tenancy Act, 1949",26A
Q26,Tenancy (NAT Act),Response report justor(1).md,"I am preparing a civil revision regarding a Section 24 pre-emption case. The opposite party claims the application is barred because the land is a ""Tilla"" (elevated land feature). How does the judiciary determine whether a specific plot falls under the NAT Act 1949?","NAT Act Section 2(4) expressly defines non-agricultural land. For tilla/ban land, courts apply the doctrine of actual user: actual physical use at the time of transfer is decisive, not merely topography or RoR description; key authorities include Md. Sarafat Ali v Md. Abdul Gafur, 38 DLR (AD) 161 and Salamat Ali v Nurjahan Begum, 39 DLR (AD) 103.","Non-Agricultural Tenancy Act, 1949",2(4) / 24
Q27,Tenancy (NAT Act),Response report justor(1).md,The landlord has filed an ejectment suit on the ground that a residential tenant (holding for 14 years) dug a water tank on the land without consent. Will the suit succeed under Section 7?,"No. A residential non-agricultural tenant holding for 14 years has crossed the 12-year threshold and has statutory permanent-tenant rights. Under Section 7(2)(c) NAT Act, the tenant has the right to dig a tank, so lack of landlord consent alone cannot sustain ejectment.","Non-Agricultural Tenancy Act, 1949",7(2)(c)
Q28,Land Reform,Response report justor(1).md,"I just inherited an extra 10 bighas of agricultural land from my grandfather, making my total family land 70 bighas. Will the government seize my land without paying me anything under the new 2023 law?","Under the Land Reforms Act 2023, agricultural land ownership is capped at 60 bighas. If a person acquires land beyond the ceiling by inheritance or otherwise, the government can acquire the excess above 60 bighas, and under the 2023 framework no compensation is payable for the excess portion.","Land Reforms Act, 2023",
Q29,Land Reform,Response report justor(1).md,"I am a sharecropper (bargadar). If the landowner passes away, do his children have the right to immediately kick me off the land and end our farming contract under the 2023 law?","No. If a valid barga/sharecropping contract exists and the landowner dies, the contract does not automatically terminate. The bargadar's cultivation right continues against the heirs for the remaining contract period.","Land Reforms Act, 2023",
Q31,Land Reform,Response report justor(1).md,"My neighbor says that if I cultivate his land without a written contract for a single season, I automatically become a permanent co-owner of that land under the 2023 Reforms. Is this true?",No. Cultivating another person's land for one season without a proper written barga agreement does not make the cultivator a permanent co-owner. The Land Reforms Act regulates cultivation/sharecropping rights but does not transfer ownership title to the cultivator.,"Land Reforms Act, 2023",
Q34,Land Reform,Response report justor(1).md,"If a landowner attempts to evict a bargadar or violate the provisions of a valid barga contract, what specific penal liabilities can be invoked directly under the Land Reforms Act, 2023?","Under the Land Reforms Act, 2023, unlawful eviction of a bargadar or breach of a valid barga contract attracts penal liability of up to Tk 1,00,000 fine, simple imprisonment up to 30 days/1 month, or both. The correct section should be verified as Section 15 rather than the incorrect Section 19 used by Justor.","Land Reforms Act, 2023",15
Q35,Land Reform,Response report justor(1).md,"Does the Land Reforms Act, 2023 recognize the oral creation of a barga contract, or does it mandate specific documentation?","The Land Reforms Act, 2023 requires a barga/sharecropping contract to be executed in the prescribed written form; an unrecorded oral arrangement is not treated as a protected statutory barga contract.","Land Reforms Act, 2023",
Q36,Land Reform,Response report justor(1).md,"I am drafting a defense for a client facing a land forfeiture notice from the Collector. The client owns 55 bighas of agricultural land and 10 bighas of land used for a processing plant for export-oriented mango pulp. Can we claim exemption under the Land Reforms Act, 2023?","Yes. Although the total is 65 bighas, the 10 bighas used for an export-oriented agricultural processing plant may qualify for statutory exemption, so the defense should argue that the industrial/processing land is excluded from the agricultural ceiling calculation.","Land Reforms Act, 2023",
Q37,Land Reform/SAT,Response report justor(1).md,"My family owns 80 bighas of agricultural land split between me, my brother, and our parents. Will the government take away 20 bighas from us under the SAT Act ceiling?","No. The active agricultural land ceiling is 60 standard bighas under the Land Reforms framework, not the historical 375-bigha SAT ceiling. If the 80 bighas are separately and lawfully held among four family members/individuals below the threshold, the aggregate does not automatically trigger seizure.","State Acquisition and Tenancy Act, 1950",
Q38,Property/SAT,Response report justor(1).md,My neighbor is selling his agricultural plot next to mine to a complete stranger from another district. Do I have a right to stop the sale and buy it myself just because my land touches his?,"No. Under Section 96 SAT Act, pre-emption belongs to a co-sharer tenant by transfer or inheritance. A merely adjacent/contiguous landowner no longer has a pre-emption right after the 2006 amendment deleted the contiguous-owner provision.","State Acquisition and Tenancy Act, 1950",96
Q39,Property/SAT,Response report justor(1).md,Differentiate between the preparation of the Record-of-Rights (ROR) under Section 143 and the revision of the Record-of-Rights under Section 144 of the SAT Act 1950.,"Section 143 SAT Act concerns routine maintenance/mutation of the RoR by the AC Land after transfer, inheritance, subdivision, etc. Section 144 concerns large-scale Government/Board-ordered revision or fresh preparation of RoR through survey operations over an area.","State Acquisition and Tenancy Act, 1950",143/144
Q40,Property/SAT,Response report justor(1).md,Analyze the statutory consequences of an illegal subdivision of a holding below the subsistence size under Chapter XIII of the SAT Act 1950.,"Under SAT Act Section 117, co-sharer tenants may seek consolidation/subdivision, but the Revenue Officer can refuse subdivision that would reduce a holding below the prescribed minimum/subsistence size, preventing uneconomic fragmentation.","State Acquisition and Tenancy Act, 1950",117
Q42,Property/SAT,Response report justor(1).md,"I am representing a petitioner in a Section 96 pre-emption case. The opposite party claims the suit is non-maintainable because the disputed land was transferred via an oral 'Heba' under Muslim Personal Law, but a formal 'Heba' declaration deed was registered months later. When does the limitation period commence?","For Section 96 SAT pre-emption, a claimed oral Heba of immovable property cannot bypass registration requirements. Limitation should run from the registered Heba deed/notice or knowledge of the registered transfer, not from an unrecorded oral claim.","State Acquisition and Tenancy Act, 1950",96
Q44,Property/SAT,Response report justor(1).md,"The opposite party in a partition suit claims that a land parcel has automatically become 'Khas' (state property) because it was left uncultivated for over 10 years, referencing historical provisions of the SAT Act. How do we counter this?","Historical SAT provisions on abandoned/uncultivated land do not automatically convert a modern mutated raiyat/malik holding into Khas land merely because it was uncultivated for 10 years. Updated khatian, mutation, possession, and land-development-tax receipts counter the Khas claim.","State Acquisition and Tenancy Act, 1950",
Q45,Property/TPA,Response report justor(1).md,"I paid the full money to buy a flat from my uncle, and he gave me the physical keys and signed a 300 TK stamp paper document saying I own it now. Do I completely own this property legally under the law?","No. Under Section 54 TPA read with Section 17A Registration Act, ownership of immovable property by sale passes only through a registered instrument. Keys and a Tk 300 stamp-paper document do not create legal title.","Transfer of Property Act, 1882",54
Q46,Family/Property,Response report justor(1).md,"I am a Muslim. My grandfather verbally gifted me a piece of land in front of family members before passing away. Do I legally own this land now, or do I need a written paper?","No. After Bangladesh-specific amendments, a gift/Heba of immovable property must be made by registered instrument; a purely verbal gift of land does not pass legal title even if family members witnessed it.","Transfer of Property Act, 1882 / Registration Act, 1908",
Q47,Property/TPA,Response report justor(1).md,"I sold my land to a buyer and signed the final registered deed, but the buyer's cheque bounced and I only received half the money. Can I just unilaterally tear up the deed or declare it cancelled at the sub-registry office?",No. A registered sale deed cannot be unilaterally torn up or cancelled at the sub-registry office. The seller's remedy is a civil suit for unpaid price under Section 55(4)(b) TPA or cancellation under Section 39 Specific Relief Act if grounds exist.,"Transfer of Property Act, 1882",55(4)(b)
Q48,Property/TPA,Response report justor(1).md,"Explain the 'Rule against Perpetuity' under Section 14 of the Transfer of Property Act, 1882, and state its exact maximum statutory duration.","Under Section 14 TPA, a transfer cannot create an interest taking effect beyond the lifetime of living person(s) at the date of transfer plus the minority of a person then unborn. The maximum period is lives in being plus 18 years of minority.","Transfer of Property Act, 1882",14
Q49,Property/TPA,Response report justor(1).md,"Analyze the essential pre-conditions required to successfully claim protection as a transferee under Section 41 (Transfer by Ostensible Owner) of the Transfer of Property Act, 1882.","Section 41 protection requires: ostensible ownership, express/implied consent of the real owner, transfer for consideration, good faith, and reasonable care by the transferee to verify the transferor's authority.","Transfer of Property Act, 1882",41
Q50,Property/TPA,Response report justor(1).md,"Define the Doctrine of Election under Section 35 of the Transfer of Property Act, 1882, and explain what happens if a person refuses to accept the deed but retains an indirect benefit.","Under Section 35 TPA, where a deed transfers someone's property without authority but also gives that owner a benefit, the owner must elect either to accept the transfer and keep the benefit or reject the transfer and relinquish the benefit.","Transfer of Property Act, 1882",35
Q51,Civil Procedure/Property,Response report justor(1).md,"During the pendency of a partition suit, one of the co-sharers sells a specific demarcated portion of the suit land to a third-party purchaser without court permission. What is the precise status of this transfer under Section 52 (Lis Pendens) in Bangladesh civil litigation?","Under Section 52 TPA, a transfer during pending litigation is not automatically void, but it is subject to the final decree and cannot prejudice the rights of other parties. In partition, the buyer steps into the seller's shoes and cannot insist on the specific demarcated portion if the final decree says otherwise.","Transfer of Property Act, 1882",52
Q53,Property/TPA,Response report justor(1).md,A client purchased a property from a vendor who had previously executed a registered contract for sale (Bayanapatra) with another party. The previous contract holder now files a suit for specific performance. Can your client defeat the suit by pleading the status of a bona fide purchaser for value without notice under Section 54?,"No. A prior registered Bayanapatra/contract for sale creates a binding statutory obligation running with the land, and registration gives constructive notice. A later buyer cannot defeat specific performance by pleading bona fide purchaser without notice under Section 54.","Transfer of Property Act, 1882",54
Q54,Commercial/IP,Response report justor(1).md,How long does a trademark registration stay valid in Bangladesh before I have to renew it?,"Under the Trademarks Act, 2009, initial trademark registration lasts 7 years from the application/registration date, and it can be renewed repeatedly for 10-year periods after that.","Trademarks Act, 2009",
Q55,Commercial/IP,Response report justor(1).md,Someone is selling exact copies of my products using my registered brand logo in a local market. Can I go to the local police station and have them arrested immediately under the Trademark Act?,"Yes, selling counterfeit goods using a registered mark can attract criminal liability under Sections 73 and 74 of the Trademarks Act, 2009. Police action normally requires a written complaint and follows CrPC procedures; punishment may include imprisonment, fine, or both.","Trademarks Act, 2009","73,74"
Q59,Commercial/IP,Response report justor(1).md,"What is the specific civil forum/court of original jurisdiction to institute a suit for trademark infringement in Bangladesh, and what is the statutory limitation period for filing such a suit?","A trademark infringement suit must be filed in the Court of the District Judge having territorial jurisdiction, which includes the Joint District Judge exercising District Court powers. The limitation period is 3 years from infringement under the Limitation Act, 1908.","Trademarks Act, 2009 / Limitation Act, 1908",
Q046,"The Civil Courts Act, 1887",Correction 150 question.pdf,"What are the different classes of Civil Courts established under the Civil Courts Act, 1887, and what are their respective jurisdictions?","Answer Details: Under Section 3 of the Civil Courts Act, 1887, five distinct classes of Civil Courts are established in Bangladesh: 1. The Court of the District Judge 2. The Court of the Additional District Judge 3. The Court of the Joint District Judge 4. The Court of the Senior Civil Judge (formerly ""Senior Assistant Judge"" — renamed by the Civil Courts (Amendment) Act, 2026, effective 2 November 2025) 5. The Court of the Civil Judge (formerly ""Assistant Judge"" — renamed under the same 2026 amendment) Pecuniary Jurisdiction (Section 19): As amended by the Civil Courts (Amendment) Act, 2021, Section 19 now fixes specific monetary limits rather than leaving them to general government notification: • Civil Judge (formerly Assistant Judge): suits up to Tk 15 lakh • Senior Civil Judge (formerly Senior Assistant Judge): suits up to Tk 25 lakh • Joint District Judge: unlimited pecuniary jurisdiction over original civil suits Appellate Jurisdiction (Section 21): An appeal from a decree or order of a Joint District Judge lies to the District Judge only if the value of the original suit did not exceed Tk 5 crore; if it exceeds Tk 5 crore, the appeal lies directly to the High Court Division. (This specific threshold was introduced by the Civil Courts (Amendment) Act, 2021, replacing the earlier vaguer ""statutory limit"" language.) Reference: Civil Courts Act, 1887, ss. 3, 19, 21; Civil Courts (Amendment) Act, 2021; Civil Courts (Amendment) Act, 2026.","The Civil Courts Act, 1887",3
Q047,"The Code of Civil Procedure, 1908 (CPC)",Correction 150 question.pdf,"How is the place of sitting of Civil Courts determined, and can a judge hold court outside their designated station?","Answer Details: According to Section 14 of the Act, the Government fixes the place or places at which any Civil Court under this Act is to be held. Exception: If a judge feels it necessary to hold court at a place other than the designated station for the administration of justice (e.g., local inspection), it must generally be authorized by specific or general orders of the Government or the High Court Division. Reference: Civil Courts Act, 1887, s. 14.","The Code of Civil Procedure, 1908 (CPC)",14
Q048,"The Code of Civil Procedure, 1908 (CPC)",Correction 150 question.pdf,Explain the doctrine of Res Sub-Judice under the CPC and state its essential conditions.,"Answer Details: Section 10 of the Code of Civil Procedure, 1908, governs the stay of suits (Res Sub-Judice). It prohibits a court from proceeding with the trial of any suit in which the matter in issue is also directly and substantially in issue in a previously instituted suit between the same parties. Essential Conditions: 1. There must be two suits (one previously instituted, one subsequently instituted). 2. The matter in issue in both suits must be identical. 3. The suits must be between the same parties or their litigating representatives. 4. The court where the previous suit is pending must have jurisdiction to grant the relief claimed. 5. Both parties must be litigating under the same title. Reference: Code of Civil Procedure, 1908, s. 10.","The Code of Civil Procedure, 1908 (CPC)",10
Q049,"The Code of Civil Procedure, 1908 (CPC)",Correction 150 question.pdf,What is the distinction between Res Judicata (Section 11) and Constructive Res Judicata?,"Answer Details: Section 11 bars a court from trying any suit or issue where the matter has already been directly and substantially decided in a former suit between the same parties by a competent court. Constructive Res Judicata: Found in Explanation IV of Section 11, it states that any matter which might and ought to have been made a ground of defense or attack in such former suit shall be deemed to have been a matter directly and substantially in issue in such suit. If a party fails to raise a claim/defense when they had the chance, they are barred from raising it in subsequent litigation. Reference: Code of Civil Procedure, 1908, s. 11 & Explanation IV.","The Code of Civil Procedure, 1908 (CPC)",11
Q050,"The Contract Act, 1872",Correction 150 question.pdf,What are the temporary injunction rules under Order XXXIX of the CPC?,"Answer Details: Order XXXIX, Rules 1 and 2 outline the circumstances where a temporary injunction may be granted. Grounds (Rule 1): An injunction may be granted if it is proved by affidavit or otherwise that property in a suit is in danger of being wasted, damaged, or alienated by any party, or wrongfully sold in execution of a decree. Three Golden Principles: The court evaluates: 1. Prima facie case (a serious question to be tried). 2. Irreparable loss or injury (monetary compensation would not suffice). 3. Balance of convenience (greater inconvenience would be caused to the applicant if denied). Reference: Code of Civil Procedure, 1908, Order XXXIX, rr. 1–2.","Code of Civil Procedure, 1908",
