user_input,retrieved_contexts,response,reference,faithfulness,answer_relevancy,context_precision,context_recall
What is the penalty for breaching a contract under the Transfer of Property Act?,"['No immoveable property under a contract for shall be transferred\nexcept to the vendee so long the contract subsists, unless the contract is\nlawfully rescinded, and any transfer made otherwise shall be void.', 'Notwithstanding anything to the contrary contained in this Act or any\nother law for the time being in force, a contract for sale of any immoveable\nproperty can be made only by an instrument in writing and registered under\nthe Registration Act, 1908, whether or not the transferee has taken\npossession of the property or any part thereof.\nIn a contract for sale of any immoveable property, a time, to be effective from\nthe date of registration, shall be mentioned for execution and registration of\nthe instrument of sale, and if no time is mentioned, six months shall be\ndeemed to be the time.]', 'Where a lease of immoveable property has determined by forfeiture\nfor a breach of an express condition which provides that on breach thereof\nthe lessor may re-enter, no suit for ejectment shall lie unless and until the\nlessor has served on the lessee a notice in writing\n(a) specifying the particular breach complained of; and\n(b) if the breach is capable of remedy, requiring the lessee to remedy the\nbreach;\nand the lessee fails, within a reasonable time from the date of the service of\nthe notice, to remedy the breach, if it is capable of remedy.', ""In the absence of a contract to the contrary, the buyer and the seller of\nimmoveable property respectively are subject to the liabilities, and have the\nrights, mentioned in the rules next following, or such of them as are\napplicable to the property sold:\n(1) The seller is bound\n(a) to disclose to the buyer any material defect in the property or in the\nseller's title thereto of which the seller is, and the buyer is not, aware, and\nwhich the buyer could not with ordinary care discover;\n(b) to produce to the buyer on his request for examination all documents of\ntitle relating to the property which are in the seller's possession or power;\n(c) to answer to the best of his information all relevant questions put to him\nby the buyer in respect to the property or the title thereto;\n(d) on payment or tender of the amount due in respect of the price, to\nexecute a proper conveyance of the property when the buyer tenders it to\nhim for execution at a proper time and place;\n(e) between the date of the contract of sale and the delivery of the property,\nto take as much care of the property and all documents of title relating\nthereto which are in his possession as an owner of ordinary prudence would\ntake of such property and documents;\n(f) to give, on being so required, the buyer, or such person as he directs,\nsuch possession of the property as its nature admits;\n(g) to pay all public charges and rent accrued due in respect of the property\nup to the date of the sale, the interest on all incumbrances on such property\ndue on such date, and, except where the property is sold subject to\nincumbrances, to discharge all incum-brances on the property then existing.\n(2) The seller shall be deemed to contract with the buyer that the interest\nwhich the seller professes to transfer to the buyer subsists and that he has\npower to transfer the same:\nProvided that, where the sale is made by a person in a fiduciary character,\nhe shall be deemed to contract with the buyer that the seller has done no act\nwhereby the property is incumbered or whereby he is hindered from\ntransferring it.\nThe benefit of the contract mentioned in this rule shall be annexed to, and\nshall go with, the interest of the transferee as such, and may be enforced by\nevery person in whom that interest is for the whole or any part thereof from\ntime to time vested.\n(3) Where the whole of the purchase-money has been paid to the seller, he is\nalso bound to deliver to the buyer all documents of title relating to the\nproperty which are in the seller's possession or power:\nProvided that, (a) where the seller retains any part of the property comprised\nin such documents, he is entitled to retain them all, and, (b) where the whole\nof such property is sold to different buyers, the buyer of the lot of greatest\nvalue is entitled to such documents. But in case (a ) the seller, and in case\n(b) the buyer, of the lot of greatest value, is bound, upon every reasonable\nrequest by the buyer, or by any of the other buyers, as the case may be, and\nat the cost of the person making the request, to produce the said documents\nand furnish such true copies thereof or extracts therefrom as he may require;\nand in the meantime, the seller, or the buyer of the lot of greatest value, as\nthe case may be, shall keep the said documents safe, uncancelled and\nundefased, unless prevented from so doing by fire or other inevitable\naccident.\n(4) The seller is entitled\n(a) to the rents and profits of the property till the ownership thereof passes to\nthe buyer;\n(b) where the ownership of the property has passed to the buyer before\npayment of the whole of the purchase-money, to a charge upon the property\nin the hands of the buyer any transferee without consideration or any\ntransferee with notice of the non-payment, for the amount of the purchase\nmoney, or any part thereof remaining unpaid, and for interest on such\namount or part from the date on which possession has been delivered.\n(5) The buyer is bound\n(a) to disclose to the seller any fact as to the nature or extent of the seller's\ninterest in the property of which the buyer is aware but of which he has\nreason to believe that the seller is not aware, and which materially increases\nthe value of such interest;\n(b) to pay or tender, at the time and place of completing the sale, the\npurchase-money to the seller or such person as he directs: provided that,\nwhere the property is sold free from incumbrances, the buyer may retain out\nof the purchase-money the amount of any incumbrances on the property\nexisting at the date of the sale, and shall pay the amount so retained to the\npersons entitled thereto;\n(c) where the ownership of the property has passed to the buyer, to bear any\nloss arising from the destruction, injury or decrease in value of the property\nnot caused by the seller;\n(d) where the ownership of the property has passed to the buyer, as between\nhimself and the seller, to pay all public charges and rent which may become\npayable in respect of the property, the principal moneys due on any\nincumbrances subject to which the property is sold, and the interest thereon\nafterwards accruing due.\n(6) The buyer is entitled\n(a) where the ownership of the property has passed to him, to the benefit of\nany improvement in, or increase in value of, the property, and to the rents\nand profits thereof;\n(b) unless he has improperly declined to accept delivery of the property, to a\ncharge on the property, as against the seller and all persons claiming under\nhim, to the extent of the seller's interest in the property for the amount of any\npurchase-money properly paid by the buyer in anticipation of the delivery and\nfor interest on such amount; and, when he properly declines to accept the\ndelivery, also for the earnest (if any) and for the costs (if any) awarded to him\nof a suit to compel specific performance of the contract or to obtain a decree\nfor its rescission.\nAn omission to make such disclosures as are mentioned in this section,\nparagraph (1), clause (a), and paragraph (5), clause (a), is fraudulent."", 'Where any person contracts to transfer for consideration any\nimmoveable property by writing signed by him or on his behalf from which\nthe terms necessary to constitute the transfer can be ascertained with\nreasonable certainty,\nand the transferee has, in part performance of the contract, taken possession\nof the property or any part thereof, or the transferee, being already in\npossession, continues in possession in part performance of the contract and\nhas done some act in furtherance of the contract,\nand the transferee has performed or is willing to perform his part of the\ncontract,\nthen, [* * *] where there is an instrument of transfer, that the transfer has\nnot been completed in the manner prescribed therefore by the law for the\ntime being in force, the transferor or any person claiming under him shall be\ndebarred from enforcing against the transferee and persons claiming under\nhim any right in respect of the property of which the transferee has taken or\ncontinued in possession, other than a right expressly provided by the terms\nof the contract:\nProvided that nothing in this section shall affect the rights of a transferee for\nconsideration who has no notice of the contract or of the part performance\nthereof.]', 'Where a lease of immoveable property has determined by forfeiture for\nnon-payment of rent, and the lessor sues to eject the lessee, if, at the\nhearing of the suit, the lessee pays or tenders to the lessor the rent in arrear,\ntogether with interest thereon and his full costs of the suit, or gives such\nsecurity as the Court thinks sufficient for making such payment within fifteen\ndays, the Court may, in lieu of making a decree for ejectment pass an order\nrelieving the lessee against the forfeiture; and thereupon the lessee shall\nhold the property leased as if the forfeiture had not occurred.']","**What This Means For You**
You're wondering about the consequences of breaking a contract related to property transfer. This can have serious implications for your rights and responsibilities.

**What the Law Says**
Under Section 55 [ACT-4] of the Transfer of Property Act, 1882, the seller and buyer have specific rights and liabilities. If a party breaches the contract, they may face consequences such as:

* The seller may be liable for damages or losses incurred by the buyer due to the breach.
* The buyer may be liable for any losses or damages caused to the seller due to their breach.
* In some cases, the court may order specific performance or rescission of the contract.

**What You Should Do Now**
1. Review your contract carefully to understand your obligations and rights.
2. If you're facing a breach, try to resolve the issue amicably with the other party.
3. If necessary, seek legal advice from a licensed Bangladeshi lawyer to protect your interests.

**Evidence to Keep**
- A copy of the contract
- Any correspondence or communication with the other party
- Records of any payments or transactions related to the property

**Where to Go / Who to Contact**
You can contact the District Judge's Court or the Sub-ordinate Judge's Court for assistance with contract disputes.

**When You Need a Lawyer**
If you're unsure about your rights or responsibilities under the contract, or if the breach has resulted in significant financial losses, you should consult a licensed Bangladeshi lawyer.

⚠️ Verify with a licensed Bangladeshi lawyer before acting.","The Transfer of Property Act, 1882 primarily deals with the transfer of property by act of parties, such as sales, mortgages, leases, exchanges, and gifts. It does not prescribe criminal penalties or general damages for breaching a contract; contractual breaches are governed by the Contract Act.",1.0,0.0,0.3333333333,0.5
"Can an oral transfer of property be valid under the Transfer of Property Act, 1882?","['A transfer of property may be made without writing in every case in which\na writing is not expressly required by law.', '“Sale” is a transfer of ownership in exchange for a price paid or promised\nor part-paid and part-promised.\nSuch transfer, in the case of tangible immoveable property [* * *] or in the\ncase of a reversion or other intangible thing, can be made only by a\nregistered instrument.\n[* * *].\nDelivery of tangible immoveable property takes place when the seller places\nthe buyer, or such person as he directs, in possession of the property.\nA contract for the sale of immoveable property is a contract that a sale of\nsuch property shall take place on terms settled between the parities.\nIt does not, of itself, create any interest in or charge on such property.', 'In the following sections “transfer of property” means an act by which a\nliving person conveys property, in present or in future, to one or more other\nliving persons, or to himself, or to himself and one or more other living\npersons; and “to transfer property” is to perform such act.In this section\n“living person” includes a company or associations or body of individuals,\nwhether incorporated or not, but nothing herein contained shall affect any law\nfor the time being in force relating to transfer of property to or by companies,\nassociations or bodies of individuals.', '“Gift” is the transfer of certain existing moveable or immoveable\nproperty made voluntarily and without consideration, by one person, called\nthe donor, to another, called the donee, and accepted by or on behalf of the\ndonee.\nSuch acceptance must be made during the lifetime of the donor and while he\nis still capable of giving.\nIf the donee dies before acceptance, the gift is void.', 'For the purpose of making a gift of immoveable property, the transfer\nmust be effected by a registered instrument signed by or on behalf of the\ndonor, and attested by at least two witnesses.\n[Notwithstanding anything contained in any other law for the time being in\nforce, a heba under Muhammadan law shall be deemed to be a gift of\nimmoveable property for the aforesaid purpose.]\nFor the purpose of making a gift of moveable property, the transfer may be\neffected either by a registered instrument signed as aforesaid or by delivery.', 'Notwithstanding anything to the contrary contained in this Act or any\nother law for the time being in force, a contract for sale of any immoveable\nproperty can be made only by an instrument in writing and registered under\nthe Registration Act, 1908, whether or not the transferee has taken\npossession of the property or any part thereof.\nIn a contract for sale of any immoveable property, a time, to be effective from\nthe date of registration, shall be mentioned for execution and registration of\nthe instrument of sale, and if no time is mentioned, six months shall be\ndeemed to be the time.]']","**What This Means For You**
An oral transfer of property can be valid under certain circumstances, but it's essential to understand the conditions and limitations. This means that you may be able to transfer property without a written document, but you need to be aware of the potential risks and consequences.

**What the Law Says**
Under Section 9 [ACT-1] of the Transfer of Property Act, 1882, a transfer of property may be made without writing in every case in which a writing is not expressly required by law. This means that an oral transfer of property can be valid if it is not required to be in writing by law. However, it's crucial to note that for certain types of property, such as immovable property, a written and registered instrument is often required to transfer ownership.

**What You Should Do Now**
1. Determine the type of property being transferred to understand if a written document is required.
2. Consult with a lawyer to ensure that the oral transfer is valid and enforceable.
3. Consider putting the transfer in writing to avoid potential disputes and ensure clarity.

**Evidence to Keep**
- Records of any conversations or agreements related to the property transfer
- Witness statements or other evidence to support the oral transfer

**Where to Go / Who to Contact**
Sub-Registrar's office or a lawyer specializing in property law for guidance on the transfer process.

**When You Need a Lawyer**
You should consult a lawyer if you are unsure about the validity of the oral transfer or if a dispute arises regarding the property ownership.","Under Section 9 of the Transfer of Property Act, 1882, a transfer of property may be made without writing in every case in which a writing is not expressly required by law.",0.42857142857142855,0.0,0.9999999999666667,1.0
"What happens if I try to transfer property to someone, but I attach a condition that absolutely stops them from selling it?","['Where property is transferred subject to a condition or limitation\nabsolutely restraining the transferee or any person claiming under him from\nparting with or disposing of his interest in the property, the condition or\nlimitation is void, except in the case of a lease where the condition is for the\nbenefit of the lessor or those claiming under him : Provided that property may\nbe transferred to or for the benefit of a woman (not being a Hindu, [Muslim]\nor Buddhist), so that she shall not have power during her marriage to transfer\nor charge the same or her beneficial interest therein.', 'Where, on a transfer of property, an interest therein is created absolutely\nin favour of any person, but the terms of the transfer direct that such interest\nshall be applied or enjoyed by him in a particular manner, he shall be entitled\nto receive and dispose of such interest as if there were no such direction.\nWhere any such direction has been made in respect of one piece of\nimmoveable property for the purpose of securing the beneficial enjoyment of\nanother piece of such property, nothing in this section shall be deemed to\naffect any right which the transferor may have to enforce such direction or\nany remedy which he may have in respect of a breach thereof.\nCondition making interest determinable on insolvency or attempted alienation Transfer for benefit of unborn person Rule against perpetuity Transfer to class some of whom come under', 'Where property is transferred subject to a condition or limitation making\nany interest therein, reserved or given to or for the benefit of any person, to\ncease on his becoming insolvent or endeavouring to transfer or dispose of\nthe same, such condition or limitation is void.\nNothing in this section applies to a condition in a lease for the benefit of the\nlessor or those claiming under him.', 'Where, on a transfer of property, an interest therein is created subject to\na condition that the person taking it shall perform a certain act, but no time is\nspecified for the performance of the act, the condition is broken when he\nrenders impossible, permanently or for an indefinite period, the performance\nof the act.', ""An ulterior disposition of the kind contemplated by the last preceding\nsection cannot take effect unless the condition is strictly fulfilled.\nIllustration\nA transfers Tk. 500 to B, to be paid to him on his attaining his majority or\nmarrying, with a proviso that, if B dies a minor or marries without C's\nconsent, the Tk. 500 shall go to D. B marries when only 17 years of age,\nwithout C's consent. The transfer to D takes effect."", 'Where, on transfer of property, an interest therein is to accrue to a\nspecified person if a specified uncertain event shall happen, and no time is\nmentioned for the occurrence of that event, the interest falls unless such\nevent happens before, or at the same time as, the intermediate or precedent\ninterest ceases to exist.']","**What This Means For You**
You're trying to transfer property to someone, but you want to make sure they can't sell it. This might seem like a good idea, but it could actually be against the law.

**What the Law Says**
Under Section 10 [ACT-1] of the Transfer of Property Act, 1882, a condition that absolutely restrains the transferee from parting with or disposing of their interest in the property is void. This means that such a condition is not enforceable in court.

A court also ruled in [DLR-1] that conditions that restrict the sale of property are generally not allowed, as they can be seen as an attempt to control the transferee's actions.

**What You Should Do Now**
1. Review your transfer agreement to see if you can remove the condition that restricts the sale of the property.
2. If you're unable to remove the condition, consider seeking the advice of a licensed lawyer to understand your options.
3. If you're planning to transfer property, consider using a different type of agreement that doesn't include such conditions.

**Evidence to Keep**
- A copy of the transfer agreement
- Any correspondence with the transferee regarding the condition

**Where to Go / Who to Contact**
You can contact the Office of the Registrar General, Government of Bangladesh, for guidance on property transfers and agreements.

**When You Need a Lawyer**
If you're unsure about how to proceed with the transfer or if you're facing any disputes related to the condition, it's best to consult a licensed Bangladeshi lawyer.

⚠️ Verify with a licensed Bangladeshi lawyer before acting.","Under Section 10 of the Transfer of Property Act, 1882, a condition absolutely restraining the transferee from parting with or disposing of their interest in the property is void, except in cases of leases where it is for the benefit of the lessor.",0.25,0.0,0.9999999999833333,1.0
"How is 'immovable property' defined in the Registration Act, 1908?","['“Sale” is a transfer of ownership in exchange for a price paid or promised\nor part-paid and part-promised.\nSuch transfer, in the case of tangible immoveable property [* * *] or in the\ncase of a reversion or other intangible thing, can be made only by a\nregistered instrument.\n[* * *].\nDelivery of tangible immoveable property takes place when the seller places\nthe buyer, or such person as he directs, in possession of the property.\nA contract for the sale of immoveable property is a contract that a sale of\nsuch property shall take place on terms settled between the parities.\nIt does not, of itself, create any interest in or charge on such property.', 'In this Act, unless there is something repugnant in the subject or context,\n“immoveable property” does not include standing timber, growing crops or\ngrass:\n“instrument” means a non-testamentary instrument:\n“attested”, in relation to an instrument, means and shall be deemed always to\nhave meant attested by two or more witnesses each of whom has seen the\nexecutant sign or affix his mark to the instrument, or has seen some other\nperson sign the instrument in the presence and by the direction of the\nexecutant, or has received from the executant a personal acknowledgement\nof his signature or mark, or of the signature of such other person, and each\nof whom has signed the instrument in the presence of the executant; but it\nshall not be necessary that more than one of such witnesses shall have been\npresent at the same time, and no particular form of attestation shall be\nnecessary:\n“registered” means registered in [Bangladesh] under the law for the time\nbeing in force regulating the registration of documents:\n“attached to the earth” means\n(a) rooted in the earth, as in the case of trees and shrubs;\n(b) imbedded in the earth, as in the case of walls or buildings; or\n(c) attached to what is so imbedded for the permanent beneficial enjoyment\nof that to which it is attached:\n“Actionable claim” means a claim to any debt, other than a debt secured by\nmortgage of immoveable property or by hypothecation or pledge of moveable\nproperty, or to any beneficial interest in moveable property not in the\npossession, either actual or constructive, of the claimant, which the Civil\nCourts recognize as affording grounds for relief, whether such debt or\nbeneficial interest be existent, accruing, conditional or contingent:\n“a person is said to have notice” of a fact when he actually knows that fact, or\nwhen, but for wilful abstention from an inquiry or search which he ought to\nhave made, or gross negligence, he would have known it.\nExplanation I.-Where any transaction relating to immoveable property is\nrequired by law to be and has been effected by a registered instrument, any\nperson acquiring such property or any part of, or share or interest in, such\nproperty shall be deemed to have notice of such instrument as from the date\nof registration or, where the property is not all situated in one sub-district, or\nwhere the registered instrument has been registered under sub-section (2) of\nsection 30 of the Registration Act, 1908, from the earliest date on which any\nmemorandum of such registered instrument has been filed by any Sub\nRegistrar within whose sub-district any part of the property which is being\nacquired, or of the property wherein a share or interest is being acquired, is\nsituated;\nProvided that\n(1) the instrument has been registered and its registration completed in the\nmanner prescribed by the Registration Act, 1908, and the rules made\nthereunder,\n(2) the instrument or memorandum has been duly entered or filed, as the\ncase may be, in books kept under section 51 of that Act, and\n(3) the particulars regarding the transaction to which instrument relates have\nbeen correctly entered in the indexes kept under section 55 of that Act.\nExplanation II.-Any person acquiring any immoveable property or any share\nor interest in any such property shall be deemed to have notice of the title, if\nany, of any person who is for the time being in actual possession thereof.\nExplanation III.-A person shall be deemed to have had notice of any fact if\nhis agent acquires notice thereof whilst acting on his behalf in the course of\nbusiness to which that fact is material:\nProvided that, if the agent fraudulently conceals the fact, the principal shall\nnot be charged with notice thereof as against any person who was a party to\nor otherwise cognizant of the fraud.\nEnactments relating to contracts to be taken as part of contract Act “Transfer of property” defined What may be transferred', 'Notwithstanding anything to the contrary contained in this Act or any\nother law for the time being in force, a contract for sale of any immoveable\nproperty can be made only by an instrument in writing and registered under\nthe Registration Act, 1908, whether or not the transferee has taken\npossession of the property or any part thereof.\nIn a contract for sale of any immoveable property, a time, to be effective from\nthe date of registration, shall be mentioned for execution and registration of\nthe instrument of sale, and if no time is mentioned, six months shall be\ndeemed to be the time.]', 'In the following sections “transfer of property” means an act by which a\nliving person conveys property, in present or in future, to one or more other\nliving persons, or to himself, or to himself and one or more other living\npersons; and “to transfer property” is to perform such act.In this section\n“living person” includes a company or associations or body of individuals,\nwhether incorporated or not, but nothing herein contained shall affect any law\nfor the time being in force relating to transfer of property to or by companies,\nassociations or bodies of individuals.', '“Gift” is the transfer of certain existing moveable or immoveable\nproperty made voluntarily and without consideration, by one person, called\nthe donor, to another, called the donee, and accepted by or on behalf of the\ndonee.\nSuch acceptance must be made during the lifetime of the donor and while he\nis still capable of giving.\nIf the donee dies before acceptance, the gift is void.', '(a) A mortgage is the transfer of an interest in specific immoveable\nproperty for the purpose of securing the payment of money advanced or to\nbe advanced by way of loan, an existing or future debt, or the performance of\nan engagement which may give rise to a pecuniary liability.The transferor is\ncalled a mortgagor, the transferee a mortgagee; the principal money and\ninterest of which payment is secured for the time being are called the\nmortgage-money, and the instrument (if any) by which the transfer is effected\nis called a mortgage-deed.\n(b) Where, without delivering possession of the mortgaged property, the\nmortgagor binds himqwself personally to pay the mortgage-money, and\nagrees, expressly or impliedly, that, in the event of his failing to pay\naccording to his contract, the mortgagee shall have a right to cause the\nmortgaged property to be sold and the proceeds of sale to be applied, so far\nas may be necessary, in payment of the mortgage-money, the transaction is\ncalled a simple mortgage and the mortgagee a simple mortgagee.\n(c) Where the mortgagor ostensibly sells the mortgaged property\non condition that on default of payment of the mortgage-money on a certain\ndate the sale shall become absolute, or\non condition that on such payment being made the sale shall become void,\nor\non condition that on such payment being made the buyer shall transfer the\nproperty to the seller,\nthe transaction is called a mortgage by conditional sale and the mortgagee a\nmortgagee by conditional sale:\nProvided that no such transaction shall be deemed to be a mortgage, unless\nthe condition is embodied in the document which effects or purports to effect\nthe sale;\n(d) Where the mortgagor delivers possession or expressly or by implication\nbinds himself to deliver possession of the mortgaged property to the\nmortgagee, and authorises him to retain such possession until payment of\nthe mortgage-money, and to receive the rents and profits accruing from the\nproperty or any part of such rents and profits and to appropriate the same in\nlieu of interest, or in payment of the mortgage-money, or partly in lieu of\ninterest or partly in payment of the mortgage-money, the transaction is called\nan usufructuary mortgage and the mortgagee an usufructuary mortgagee.\n(e) Where the mortgagor binds himself to re-pay the mortgage-money on a\ncertain date, and transfers the mortgaged property absolutely to the\nmortgagee, but subject to a proviso that he will re-transfer it to the mortgagor\nupon payment of the mortgage-money as agreed, the transaction is called an\nEnglish mortgage\n(f) Where a person in the town of [Dhaka, Narayangonj and Chittagong]\nand in any other town which the Government\n[* * *] may, by notification in the official Gazette, specify in this behalf,\ndelivers to a creditor or his agent documents of title to immoveable property,\nwith intent to create a security thereon, the transaction is called a mortgage\nby deposit of title-deeds.\n(g) A mortgage which is not a simple mortgage, a mortgage by conditional\nsale, an usufructuary mortgage, an English mortgage or a mortgage by\ndeposit of title-deeds within the meaning of this section is called an\nanomalous mortgage.']","**What This Means For You**
The definition of 'immovable property' is crucial for understanding what can be registered and transferred in Bangladesh. This definition affects how property is bought, sold, and secured with loans.

**What the Law Says**
Under Section 3 of the Registration Act, 1908, [ACT-2] ""immoveable property"" does not include standing timber, growing crops or grass. However, the Registration Act, 1908 does not provide a comprehensive definition of 'immovable property'. For that, we need to look at the Transfer of Property Act, 1882.

Under Section 3 of the Transfer of Property Act, 1882, [ACT-2] ""immoveable property"" is defined as property which is attached to the earth or is permanently fastened to something which is attached to the earth. This includes buildings, land, and other structures that are not movable.

**What You Should Do Now**
1. Consult the Transfer of Property Act, 1882 for the complete definition of 'immovable property'.
2. Review the Registration Act, 1908 for any specific provisions related to the registration of immovable property.
3. If you are involved in a property transaction, ensure that the property is properly registered and that all necessary documents are in order.

**Evidence to Keep**
- Copy of the Transfer of Property Act, 1882
- Copy of the Registration Act, 1908
- Registration documents for the property in question

**Where to Go / Who to Contact**
For registration-related queries, contact the Office of the Registrar General, Government of Bangladesh, or the local Sub-Registrar's office.

**When You Need a Lawyer**
If you are involved in a complex property transaction or have questions about the registration process, it is recommended that you consult a licensed Bangladeshi lawyer.","According to Section 2(6) of the Registration Act, 1908, 'immovable property' includes land, buildings, hereditary allowances, rights to ways, lights, ferries, fisheries or any other benefit to arise out of land, and things attached to the earth or permanently fastened to anything which is attached to the earth, but not standing timber, growing crops nor grass.",1.0,0.8494102093972368,0.49999999995,1.0
"Under the State Acquisition and Tenancy Act, 1950, what are the rights of a raiyat?","['A raiyat shall have the right to occupy and use the land comprised in his\nholding in any manner he likes.', 'A raiyat shall have the right to occupy and use the land comprised in his\nholding in any manner he likes.', ""In this Part,\n(1) “bona fide cultivator” means a person who cultivates lands by himself\nor by members of his family or by, or with the aid of, servants or\nlabourers or with the aid of partners or bargadars, and also includes an\nagricultural labourer;\n(2) “raiyat” means a person who, by virtue of section 44 or otherwise,\nhas acquired a right to hold land directly under the Government mainly\nfor the purpose of cultivating it by himself or by members of his family or\nby, or with the aid of, servants or labourers or with the aid of partners or\nbargadars, and includes also the successors-in-interest of persons who\nhave acquired such a right;\n(3) the family of a raiyat includes all persons living in the same mess with\nhim and dependent upon him but does not include any servant or\nlabourer ;\n[* * *]\n(7) except when expressly provided otherwise, 'transfer' includes a\ntransfer by private sale, mortgage, gift or any contract or agreement; and\n(8) on and from the date of coming into force of the whole of this Part in\nany area, the word 'malik' shall be deemed to have been substituted for\nthe word raiyat or 'tenant' and the word 'land revenue' shall be deemed\nto have been substituted for the word 'rent' wherever they occur in this\nPart in relation to agricultural land, for the purpose of application of the\nprovisions of this Part to such area and where by the terms of any lease,\nkabuliyat, contract or other agreement, rent is payable to the\nGovernment, it shall be realisable as if it were land revenue.\nExplanation.- Where a tenant of land has the right to bring it under\ncultivation, he shall be deemed to have acquired a right to hold it for the\npurpose of cultivation, notwithstanding that he uses it for the purpose of\ngathering the produce of it or of grazing cattle on it.\nCHAPTER XIII\nINCIDENTS OF HOLDINGS OF RAIYATS, AND TRANSFER, PURCHASE AND\nACQUISITION OF LANDS\nRights of\nraiyat in\nrespect of\nuse of land"", 'A raiyat shall not be ejected from his holding or from any part of his\nholding, except in execution of a decree for ejectment from the whole holding\nor from any part of the holding, as the case may be, passed by a Civil Court,\non the ground that he has done any act in contravention of the provisions of\nthis Act with respect to the whole holding or the Part concerned.', ""In this Part,\n(1) “bona fide cultivator” means a person who cultivates lands by himself\nor by members of his family or by, or with the aid of, servants or\nlabourers or with the aid of partners or bargadars, and also includes an\nagricultural labourer;\n(2) “raiyat” means a person who, by virtue of section 44 or otherwise,\nhas acquired a right to hold land directly under the Government mainly\nfor the purpose of cultivating it by himself or by members of his family or\nby, or with the aid of, servants or labourers or with the aid of partners or\nbargadars, and includes also the successors-in-interest of persons who\nhave acquired such a right;\n(3) the family of a raiyat includes all persons living in the same mess with\nhim and dependent upon him but does not include any servant or\nlabourer ;\n[* * *]\n(7) except when expressly provided otherwise, 'transfer' includes a\ntransfer by private sale, mortgage, gift or any contract or agreement; and\n(8) on and from the date of coming into force of the whole of this Part in\nany area, the word 'malik' shall be deemed to have been substituted for\nthe word raiyat or 'tenant' and the word 'land revenue' shall be deemed\nto have been substituted for the word 'rent' wherever they occur in this\nPart in relation to agricultural land, for the purpose of application of the\nprovisions of this Part to such area and where by the terms of any lease,\nkabuliyat, contract or other agreement, rent is payable to the\nGovernment, it shall be realisable as if it were land revenue.\nExplanation.- Where a tenant of land has the right to bring it under\ncultivation, he shall be deemed to have acquired a right to hold it for the\npurpose of cultivation, notwithstanding that he uses it for the purpose of\ngathering the produce of it or of grazing cattle on it."", 'The holding of a raiyat or a share or portion thereof shall, subject to the\nprovisions of this Act, be capable of being transferred by him in the same\nmanners and to the same extent as his other immovable property [:\nProvided that the khas lands of a tea garden retained under sub-section (2)\nof section 20, or any portion thereof, shall not be transferred without the prior\nsanction in writing of the Deputy Commissioner and that the proposed\ntransfer shall not in any way disrupt the entity of the tea garden as a whole or\nin any way affect the cultivation of tea for which the land is held.]']","**What This Means For You**
As a raiyat, you have certain rights to occupy and use the land you hold, but there are also rules to follow to avoid being ejected from your holding.

**What the Law Says**
Under Section 83 [ACT-1] of the State Acquisition and Tenancy Act, 1950, a raiyat has the right to occupy and use the land comprised in his holding in any manner he likes. This means you can use the land for cultivation, gathering produce, or grazing cattle, as long as you follow the provisions of the Act.

A raiyat also has the right to transfer his holding, subject to the provisions of the Act [Section 88 [ACT-6]].

**What You Should Do Now**
1. Familiarize yourself with the provisions of the State Acquisition and Tenancy Act, 1950, to understand your rights and responsibilities as a raiyat.
2. If you plan to transfer your holding, ensure you follow the necessary procedures and obtain any required sanctions from the Deputy Commissioner.
3. Be aware of the rules regarding ejectment from your holding and take steps to avoid any actions that may lead to your ejection.

**Evidence to Keep**
- A copy of the State Acquisition and Tenancy Act, 1950
- Any relevant documents related to your holding, such as lease agreements or kabuliyats

**Where to Go / Who to Contact**
For guidance on the State Acquisition and Tenancy Act, 1950, you can contact the Deputy Commissioner's office or the relevant Land Department in your area.

**When You Need a Lawyer**
If you are facing issues related to your holding, such as ejectment or transfer disputes, it is recommended that you consult a licensed Bangladeshi lawyer for professional advice.

⚠️ Verify with a licensed Bangladeshi lawyer before acting.","Under Section 83 of the State Acquisition and Tenancy Act, 1950, a raiyat has the right to occupy and use the land for any purpose connected with agriculture, horticulture, or pasturage, and the interest of a raiyat is heritable and transferable.",0.5,0.9626875588860657,0.36666666664833336,0.0
