id,case_title,case_type,case_number,year,division,court_name,pdf_url,translation_url,filename,upload_date,scraped_at
SC_HCD_0001,First Appeal 399/2011,First Appeal,399/2011,2011,High Court Division,Supreme Court of Bangladesh,https://supremecourt.gov.bd/resources/documents/419672_FIRST_APPEAL_399_OF_2011_ALLOWED.pdf,https://supremecourt.gov.bd/translation/process.php?file=419672_FIRST_APPEAL_399_OF_2011_ALLOWED.pdf,419672_FIRST_APPEAL_399_OF_2011_ALLOWED.pdf,,2026-08-22T14:57:43.379218
SC_HCD_0002,Criminal Revision (TN) 4407/2022,Criminal Revision (TN),4407/2022,2022,High Court Division,Supreme Court of Bangladesh,https://supremecourt.gov.bd/resources/documents/1_CriminalRevisionNo.4407of2022.pdf,https://supremecourt.gov.bd/translation/process.php?file=1_CriminalRevisionNo.4407of2022.pdf,1_CriminalRevisionNo.4407of2022.pdf,,2026-08-22T14:57:43.379322
SC_HCD_0003,Civil Revision 2253/2012,Civil Revision,2253/2012,2012,High Court Division,Supreme Court of Bangladesh,https://supremecourt.gov.bd/resources/documents/506173_CivilRevision_2253of2012.pdf,https://supremecourt.gov.bd/translation/process.php?file=506173_CivilRevision_2253of2012.pdf,506173_CivilRevision_2253of2012.pdf,,2026-08-22T14:57:43.379391
SC_HCD_0004,Civil Revision 2712/2001,Civil Revision,2712/2001,2001,High Court Division,Supreme Court of Bangladesh,https://supremecourt.gov.bd/resources/documents/58292_CivilRevision_2712of2001.pdf,https://supremecourt.gov.bd/translation/process.php?file=58292_CivilRevision_2712of2001.pdf,58292_CivilRevision_2712of2001.pdf,,2026-08-22T14:57:43.379444
SC_HCD_0005,Civil Revision 2968/2014,Civil Revision,2968/2014,2014,High Court Division,Supreme Court of Bangladesh,https://supremecourt.gov.bd/resources/documents/807021_CivilRevision_2968of2014.pdf,https://supremecourt.gov.bd/translation/process.php?file=807021_CivilRevision_2968of2014.pdf,807021_CivilRevision_2968of2014.pdf,,2026-08-22T14:57:43.379498
SC_HCD_0006,Civil Revision 4125/2014,Civil Revision,4125/2014,2014,High Court Division,Supreme Court of Bangladesh,https://supremecourt.gov.bd/resources/documents/864738_CivilRevision_4125of2014.pdf,https://supremecourt.gov.bd/translation/process.php?file=864738_CivilRevision_4125of2014.pdf,864738_CivilRevision_4125of2014.pdf,,2026-08-22T14:57:43.379548
SC_HCD_0007,Civil Revision 118/2023,Civil Revision,118/2023,2023,High Court Division,Supreme Court of Bangladesh,https://supremecourt.gov.bd/resources/documents/2304608_CivilRevision_118of2023.pdf,https://supremecourt.gov.bd/translation/process.php?file=2304608_CivilRevision_118of2023.pdf,2304608_CivilRevision_118of2023.pdf,,2026-08-22T14:57:43.379606
SC_HCD_0008,Civil Revision 2867/2023,Civil Revision,2867/2023,2023,High Court Division,Supreme Court of Bangladesh,https://supremecourt.gov.bd/resources/documents/3090415_CivilRevision_2867of2023.pdf,https://supremecourt.gov.bd/translation/process.php?file=3090415_CivilRevision_2867of2023.pdf,3090415_CivilRevision_2867of2023.pdf,,2026-08-22T14:57:43.379682
SC_HCD_0009,Civil Revision 3025/2013,Civil Revision,3025/2013,2013,High Court Division,Supreme Court of Bangladesh,https://supremecourt.gov.bd/resources/documents/668962_CivilRevision_3025of2013.pdf,https://supremecourt.gov.bd/translation/process.php?file=668962_CivilRevision_3025of2013.pdf,668962_CivilRevision_3025of2013.pdf,,2026-08-22T14:57:43.379737
SC_HCD_0010,Civil Revision 3500/2024,Civil Revision,3500/2024,2024,High Court Division,Supreme Court of Bangladesh,https://supremecourt.gov.bd/resources/documents/3013184_CivilRevision_3500of2024.pdf,https://supremecourt.gov.bd/translation/process.php?file=3013184_CivilRevision_3500of2024.pdf,3013184_CivilRevision_3500of2024.pdf,,2026-08-22T14:57:43.379787
SC_HCD_0011,Civil Revision 3196/2024,Civil Revision,3196/2024,2024,High Court Division,Supreme Court of Bangladesh,https://supremecourt.gov.bd/resources/documents/3113956_CivilRevision_3196of2024.pdf,https://supremecourt.gov.bd/translation/process.php?file=3113956_CivilRevision_3196of2024.pdf,3113956_CivilRevision_3196of2024.pdf,,2026-08-22T14:57:43.379835
SC_HCD_0012,Civil Revision 1042/2023,Civil Revision,1042/2023,2023,High Court Division,Supreme Court of Bangladesh,https://supremecourt.gov.bd/resources/documents/2540273_CivilRevision_1042of2023.pdf,https://supremecourt.gov.bd/translation/process.php?file=2540273_CivilRevision_1042of2023.pdf,2540273_CivilRevision_1042of2023.pdf,,2026-08-22T14:57:43.379883
SC_HCD_0013,Civil Revision 928/2018,Civil Revision,928/2018,2018,High Court Division,Supreme Court of Bangladesh,https://supremecourt.gov.bd/resources/documents/1493870_CivilRevision_928of2018.pdf,https://supremecourt.gov.bd/translation/process.php?file=1493870_CivilRevision_928of2018.pdf,1493870_CivilRevision_928of2018.pdf,,2026-08-22T14:57:43.379930
SC_HCD_0014,Civil Revision 940/2020,Civil Revision,940/2020,2020,High Court Division,Supreme Court of Bangladesh,https://supremecourt.gov.bd/resources/documents/1909139_CivilRevision_940of2020.pdf,https://supremecourt.gov.bd/translation/process.php?file=1909139_CivilRevision_940of2020.pdf,1909139_CivilRevision_940of2020.pdf,,2026-08-22T14:57:43.379978
SC_HCD_0015,Civil Revision 3058/2015,Civil Revision,3058/2015,2015,High Court Division,Supreme Court of Bangladesh,https://supremecourt.gov.bd/resources/documents/1223759_CivilRevision_3058of2015.pdf,https://supremecourt.gov.bd/translation/process.php?file=1223759_CivilRevision_3058of2015.pdf,1223759_CivilRevision_3058of2015.pdf,,2026-08-22T14:57:43.380029
SC_HCD_0016,Civil Revision 1803/2025,Civil Revision,1803/2025,2025,High Court Division,Supreme Court of Bangladesh,https://supremecourt.gov.bd/resources/documents/3623323_CivilRevision_1803of2025.pdf,https://supremecourt.gov.bd/translation/process.php?file=3623323_CivilRevision_1803of2025.pdf,3623323_CivilRevision_1803of2025.pdf,,2026-08-22T14:57:43.380075
SC_HCD_0017,Company Matter 1965/2025,Company Matter,1965/2025,2025,High Court Division,Supreme Court of Bangladesh,https://supremecourt.gov.bd/resources/documents/3377775_CopanyMatterNo.1965of2025.pdf,https://supremecourt.gov.bd/translation/process.php?file=3377775_CopanyMatterNo.1965of2025.pdf,3377775_CopanyMatterNo.1965of2025.pdf,,2026-08-22T14:57:43.380126
SC_HCD_0018,Civil Revision 1561/1998,Civil Revision,1561/1998,1998,High Court Division,Supreme Court of Bangladesh,https://supremecourt.gov.bd/resources/documents/59875_CivilRevision_1561of1998.pdf,https://supremecourt.gov.bd/translation/process.php?file=59875_CivilRevision_1561of1998.pdf,59875_CivilRevision_1561of1998.pdf,,2026-08-22T14:57:43.380172
SC_HCD_0019,Civil Revision 252/2022,Civil Revision,252/2022,2022,High Court Division,Supreme Court of Bangladesh,https://supremecourt.gov.bd/resources/documents/2171389_CivilRevision_252of2022.pdf,https://supremecourt.gov.bd/translation/process.php?file=2171389_CivilRevision_252of2022.pdf,2171389_CivilRevision_252of2022.pdf,,2026-08-22T14:57:43.380218
SC_HCD_0020,Civil Revision 3513/2023,Civil Revision,3513/2023,2023,High Court Division,Supreme Court of Bangladesh,https://supremecourt.gov.bd/resources/documents/2510657_Civil_Revision_3513of2023.pdf,https://supremecourt.gov.bd/translation/process.php?file=2510657_Civil_Revision_3513of2023.pdf,2510657_Civil_Revision_3513of2023.pdf,,2026-08-22T14:57:43.380265
SC_HCD_0021,Civil Revision 5422/2023,Civil Revision,5422/2023,2023,High Court Division,Supreme Court of Bangladesh,https://supremecourt.gov.bd/resources/documents/3186292_CivilRevision_5422of2023.pdf,https://supremecourt.gov.bd/translation/process.php?file=3186292_CivilRevision_5422of2023.pdf,3186292_CivilRevision_5422of2023.pdf,,2026-08-22T14:57:43.380311
SC_HCD_0022,Civil Revision 2051/2015,Civil Revision,2051/2015,2015,High Court Division,Supreme Court of Bangladesh,https://supremecourt.gov.bd/resources/documents/874592_CivilRevision_2051of2015.pdf,https://supremecourt.gov.bd/translation/process.php?file=874592_CivilRevision_2051of2015.pdf,874592_CivilRevision_2051of2015.pdf,,2026-08-22T14:57:43.380357
SC_HCD_0023,Civil Revision 986/2015,Civil Revision,986/2015,2015,High Court Division,Supreme Court of Bangladesh,https://supremecourt.gov.bd/resources/documents/844801_CivilRevision_986of2015.pdf,https://supremecourt.gov.bd/translation/process.php?file=844801_CivilRevision_986of2015.pdf,844801_CivilRevision_986of2015.pdf,,2026-08-22T14:57:43.380402
SC_HCD_0024,Civil Revision 3390/2010,Civil Revision,3390/2010,2010,High Court Division,Supreme Court of Bangladesh,https://supremecourt.gov.bd/resources/documents/142517_CivilRevision_3390of2010.pdf,https://supremecourt.gov.bd/translation/process.php?file=142517_CivilRevision_3390of2010.pdf,142517_CivilRevision_3390of2010.pdf,,2026-08-22T14:57:43.380447
SC_HCD_0025,Civil Revision 3134/2010,Civil Revision,3134/2010,2010,High Court Division,Supreme Court of Bangladesh,https://supremecourt.gov.bd/resources/documents/145321_CivilRevision_3134of2010.pdf,https://supremecourt.gov.bd/translation/process.php?file=145321_CivilRevision_3134of2010.pdf,145321_CivilRevision_3134of2010.pdf,,2026-08-22T14:57:43.380492
SC_HCD_0026,Civil Revision 2098/2007,Civil Revision,2098/2007,2007,High Court Division,Supreme Court of Bangladesh,https://supremecourt.gov.bd/resources/documents/77972_CivilRevision_2098of2007.pdf,https://supremecourt.gov.bd/translation/process.php?file=77972_CivilRevision_2098of2007.pdf,77972_CivilRevision_2098of2007.pdf,,2026-08-22T14:57:43.380538
SC_HCD_0027,Civil Revision 516/2010,Civil Revision,516/2010,2010,High Court Division,Supreme Court of Bangladesh,https://supremecourt.gov.bd/resources/documents/142761_CivilRevision_516of2010.pdf,https://supremecourt.gov.bd/translation/process.php?file=142761_CivilRevision_516of2010.pdf,142761_CivilRevision_516of2010.pdf,,2026-08-22T14:57:43.380589
SC_HCD_0028,Civil Revision 308/2018,Civil Revision,308/2018,2018,High Court Division,Supreme Court of Bangladesh,https://supremecourt.gov.bd/resources/documents/1472461_CivilRevision_308of2018.pdf,https://supremecourt.gov.bd/translation/process.php?file=1472461_CivilRevision_308of2018.pdf,1472461_CivilRevision_308of2018.pdf,,2026-08-22T14:57:43.380635
SC_HCD_0029,Civil Rule 825/2022,Civil Rule,825/2022,2022,High Court Division,Supreme Court of Bangladesh,https://supremecourt.gov.bd/resources/documents/3650121_CivilRule_825of2022.pdf,https://supremecourt.gov.bd/translation/process.php?file=3650121_CivilRule_825of2022.pdf,3650121_CivilRule_825of2022.pdf,,2026-08-22T14:57:43.380681
SC_HCD_0030,Civil Revision 1723/2002,Civil Revision,1723/2002,2002,High Court Division,Supreme Court of Bangladesh,https://supremecourt.gov.bd/resources/documents/77280_CivilRevision_1723of2002.pdf,https://supremecourt.gov.bd/translation/process.php?file=77280_CivilRevision_1723of2002.pdf,77280_CivilRevision_1723of2002.pdf,,2026-08-22T14:57:43.380732
SC_HCD_0031,Criminal Appeal(H) 1778/2011(Criminal Appeal(H) 1778/2011),Criminal Appeal(H),1778/2011,2011,High Court Division,Supreme Court of Bangladesh,https://supremecourt.gov.bd/resources/documents/346271_CriminalAppealCaseNo1778of2011.pdf,https://supremecourt.gov.bd/translation/process.php?file=346271_CriminalAppealCaseNo1778of2011.pdf,346271_CriminalAppealCaseNo1778of2011.pdf,,2026-08-22T14:57:43.380781
SC_HCD_0032,Death Reference 54/2019,Death Reference,54/2019,2019,High Court Division,Supreme Court of Bangladesh,https://supremecourt.gov.bd/resources/documents/3240515_Death_Reference_1-No.54of2019.pdf,https://supremecourt.gov.bd/translation/process.php?file=3240515_Death_Reference_1-No.54of2019.pdf,3240515_Death_Reference_1-No.54of2019.pdf,,2026-08-22T14:57:43.380827
SC_HCD_0033,Writ Petition (TN) 10587/2010(Writ Petition (TN) 10587/2010),Writ Petition (TN),10587/2010,2010,High Court Division,Supreme Court of Bangladesh,https://supremecourt.gov.bd/resources/documents/1_WritPetition_10587of2010.pdf,https://supremecourt.gov.bd/translation/process.php?file=1_WritPetition_10587of2010.pdf,1_WritPetition_10587of2010.pdf,,2026-08-22T14:57:43.380877
SC_HCD_0034,Writ Petition 13493/2016,Writ Petition,13493/2016,2016,High Court Division,Supreme Court of Bangladesh,https://supremecourt.gov.bd/resources/documents/1047781_WritPetition_13493of2016.pdf,https://supremecourt.gov.bd/translation/process.php?file=1047781_WritPetition_13493of2016.pdf,1047781_WritPetition_13493of2016.pdf,,2026-08-22T14:57:43.380924
SC_HCD_0035,Writ Petition 14075/2016,Writ Petition,14075/2016,2016,High Court Division,Supreme Court of Bangladesh,https://supremecourt.gov.bd/resources/documents/1048980_WritPetition_14075of2016.pdf,https://supremecourt.gov.bd/translation/process.php?file=1048980_WritPetition_14075of2016.pdf,1048980_WritPetition_14075of2016.pdf,,2026-08-22T14:57:43.380979
SC_HCD_0036,Criminal Misc (TN) 1283/2016,Criminal Misc (TN),1283/2016,2016,High Court Division,Supreme Court of Bangladesh,https://supremecourt.gov.bd/resources/documents/1_CriminalMisellaneousCasNo1283of2016.pdf,https://supremecourt.gov.bd/translation/process.php?file=1_CriminalMisellaneousCasNo1283of2016.pdf,1_CriminalMisellaneousCasNo1283of2016.pdf,,2026-08-22T14:57:43.381028
SC_HCD_0037,Writ Petition 15507/2016,Writ Petition,15507/2016,2016,High Court Division,Supreme Court of Bangladesh,https://supremecourt.gov.bd/resources/documents/1068181_WritPetition_15507of2016.pdf,https://supremecourt.gov.bd/translation/process.php?file=1068181_WritPetition_15507of2016.pdf,1068181_WritPetition_15507of2016.pdf,,2026-08-22T14:57:43.381076
SC_HCD_0038,Writ Petition 12703/2022,Writ Petition,12703/2022,2022,High Court Division,Supreme Court of Bangladesh,https://supremecourt.gov.bd/resources/documents/2857408_WritPetition_12703of2022.pdf,https://supremecourt.gov.bd/translation/process.php?file=2857408_WritPetition_12703of2022.pdf,2857408_WritPetition_12703of2022.pdf,,2026-08-22T14:57:43.381123
SC_HCD_0039,Writ Petition 9653/2024,Writ Petition,9653/2024,2024,High Court Division,Supreme Court of Bangladesh,https://supremecourt.gov.bd/resources/documents/3231510_WritPetition_9653of2024.pdf,https://supremecourt.gov.bd/translation/process.php?file=3231510_WritPetition_9653of2024.pdf,3231510_WritPetition_9653of2024.pdf,,2026-08-22T14:57:43.381170
SC_HCD_0040,Writ Petition 8043/2016,Writ Petition,8043/2016,2016,High Court Division,Supreme Court of Bangladesh,https://supremecourt.gov.bd/resources/documents/1008925_WritPetition_8043of2016.pdf,https://supremecourt.gov.bd/translation/process.php?file=1008925_WritPetition_8043of2016.pdf,1008925_WritPetition_8043of2016.pdf,,2026-08-22T14:57:43.381216
SC_HCD_0041,Writ Petition 7022/2015,Writ Petition,7022/2015,2015,High Court Division,Supreme Court of Bangladesh,https://supremecourt.gov.bd/resources/documents/857941_WritPetition_7022of2015.pdf,https://supremecourt.gov.bd/translation/process.php?file=857941_WritPetition_7022of2015.pdf,857941_WritPetition_7022of2015.pdf,,2026-08-22T14:57:43.381261
SC_HCD_0042,Writ Petition 7468/2022,Writ Petition,7468/2022,2022,High Court Division,Supreme Court of Bangladesh,https://supremecourt.gov.bd/resources/documents/2148901_WritPetition_7468of2022.pdf,https://supremecourt.gov.bd/translation/process.php?file=2148901_WritPetition_7468of2022.pdf,2148901_WritPetition_7468of2022.pdf,,2026-08-22T14:57:43.381305
SC_HCD_0043,Writ Petition 10167/2019,Writ Petition,10167/2019,2019,High Court Division,Supreme Court of Bangladesh,https://supremecourt.gov.bd/resources/documents/2889575_WritPetition_10167of2019.pdf,https://supremecourt.gov.bd/translation/process.php?file=2889575_WritPetition_10167of2019.pdf,2889575_WritPetition_10167of2019.pdf,,2026-08-22T14:57:43.381352
SC_HCD_0044,Trademark Application (TN) 168/2021(Trademark Application (TN) 168/2021),Trademark Application (TN),168/2021,2021,High Court Division,Supreme Court of Bangladesh,https://supremecourt.gov.bd/resources/documents/1_WritPetition_168of2021.pdf,https://supremecourt.gov.bd/translation/process.php?file=1_WritPetition_168of2021.pdf,1_WritPetition_168of2021.pdf,,2026-08-22T14:57:43.381402
SC_HCD_0045,Writ Petition 10985/2024,Writ Petition,10985/2024,2024,High Court Division,Supreme Court of Bangladesh,https://supremecourt.gov.bd/resources/documents/3083836_WritPetition_10985of2024.pdf,https://supremecourt.gov.bd/translation/process.php?file=3083836_WritPetition_10985of2024.pdf,3083836_WritPetition_10985of2024.pdf,,2026-08-22T14:57:43.381449
SC_HCD_0046,Writ Petition 1354/2016,Writ Petition,1354/2016,2016,High Court Division,Supreme Court of Bangladesh,https://supremecourt.gov.bd/resources/documents/935590_WritPetition_1354of2016.pdf,https://supremecourt.gov.bd/translation/process.php?file=935590_WritPetition_1354of2016.pdf,935590_WritPetition_1354of2016.pdf,,2026-08-22T14:57:43.381495
SC_HCD_0047,Writ Petition 5073/2013,Writ Petition,5073/2013,2013,High Court Division,Supreme Court of Bangladesh,https://supremecourt.gov.bd/resources/documents/627385_WritPetition_5073of2013.pdf,https://supremecourt.gov.bd/translation/process.php?file=627385_WritPetition_5073of2013.pdf,627385_WritPetition_5073of2013.pdf,,2026-08-22T14:57:43.381549
SC_HCD_0048,Writ Petition 5037/2017,Writ Petition,5037/2017,2017,High Court Division,Supreme Court of Bangladesh,https://supremecourt.gov.bd/resources/documents/1141157_WritPetition_5037of2017.pdf,https://supremecourt.gov.bd/translation/process.php?file=1141157_WritPetition_5037of2017.pdf,1141157_WritPetition_5037of2017.pdf,,2026-08-22T14:57:44.635102
SC_HCD_0049,Writ Petition 17285/2017,Writ Petition,17285/2017,2017,High Court Division,Supreme Court of Bangladesh,https://supremecourt.gov.bd/resources/documents/1322397_Writ_Petition_17285of2017.pdf,https://supremecourt.gov.bd/translation/process.php?file=1322397_Writ_Petition_17285of2017.pdf,1322397_Writ_Petition_17285of2017.pdf,,2026-08-22T14:57:44.635188
SC_HCD_0050,Company Matter 742/2026,Company Matter,742/2026,2026,High Court Division,Supreme Court of Bangladesh,https://supremecourt.gov.bd/resources/documents/3645209_CompanyMatterNo.742of2026.pdf,https://supremecourt.gov.bd/translation/process.php?file=3645209_CompanyMatterNo.742of2026.pdf,3645209_CompanyMatterNo.742of2026.pdf,,2026-08-22T14:57:44.635255
SC_HCD_0051,Writ Petition 5357/2015,Writ Petition,5357/2015,2015,High Court Division,Supreme Court of Bangladesh,https://supremecourt.gov.bd/resources/documents/832243_WritPetition_5357of2015.pdf,https://supremecourt.gov.bd/translation/process.php?file=832243_WritPetition_5357of2015.pdf,832243_WritPetition_5357of2015.pdf,,2026-08-22T14:57:44.635310
SC_HCD_0052,Writ Petition 345/2022,Writ Petition,345/2022,2022,High Court Division,Supreme Court of Bangladesh,https://supremecourt.gov.bd/resources/documents/2586283_WritPetition_345of2022.pdf,https://supremecourt.gov.bd/translation/process.php?file=2586283_WritPetition_345of2022.pdf,2586283_WritPetition_345of2022.pdf,,2026-08-22T14:57:44.635363
SC_HCD_0053,Writ Petition 5270/2019,Writ Petition,5270/2019,2019,High Court Division,Supreme Court of Bangladesh,https://supremecourt.gov.bd/resources/documents/1660429_WritPetition_5270of2019.pdf,https://supremecourt.gov.bd/translation/process.php?file=1660429_WritPetition_5270of2019.pdf,1660429_WritPetition_5270of2019.pdf,,2026-08-22T14:57:44.635416
SC_HCD_0054,Writ Petition 6549/2011,Writ Petition,6549/2011,2011,High Court Division,Supreme Court of Bangladesh,https://supremecourt.gov.bd/resources/documents/358272_WritPetition_6549of2011.pdf,https://supremecourt.gov.bd/translation/process.php?file=358272_WritPetition_6549of2011.pdf,358272_WritPetition_6549of2011.pdf,,2026-08-22T14:57:44.635467
SC_HCD_0055,Writ Petition 8141/2014,Writ Petition,8141/2014,2014,High Court Division,Supreme Court of Bangladesh,https://supremecourt.gov.bd/resources/documents/764041_WritPetition_8141of2014.pdf,https://supremecourt.gov.bd/translation/process.php?file=764041_WritPetition_8141of2014.pdf,764041_WritPetition_8141of2014.pdf,,2026-08-22T14:57:44.635520
SC_HCD_0056,Writ Petition 16484/2017,Writ Petition,16484/2017,2017,High Court Division,Supreme Court of Bangladesh,https://supremecourt.gov.bd/resources/documents/1265903_WritPetition_16484of2017.pdf,https://supremecourt.gov.bd/translation/process.php?file=1265903_WritPetition_16484of2017.pdf,1265903_WritPetition_16484of2017.pdf,,2026-08-22T14:57:44.635571
SC_HCD_0057,Writ Petition (TN) 10660/2021,Writ Petition (TN),10660/2021,2021,High Court Division,Supreme Court of Bangladesh,https://supremecourt.gov.bd/resources/documents/1_Writmandmausno10660of2021.pdf,https://supremecourt.gov.bd/translation/process.php?file=1_Writmandmausno10660of2021.pdf,1_Writmandmausno10660of2021.pdf,,2026-08-22T14:57:44.635630
SC_HCD_0058,Criminal Misc (TN) 58108/2022,Criminal Misc (TN),58108/2022,2022,High Court Division,Supreme Court of Bangladesh,https://supremecourt.gov.bd/resources/documents/1_CriminalMiscellaneousCaseNo581082022.pdf,https://supremecourt.gov.bd/translation/process.php?file=1_CriminalMiscellaneousCaseNo581082022.pdf,1_CriminalMiscellaneousCaseNo581082022.pdf,,2026-08-22T14:57:44.635685
SC_HCD_0059,Writ Petition 3758/2024,Writ Petition,3758/2024,2024,High Court Division,Supreme Court of Bangladesh,https://supremecourt.gov.bd/resources/documents/2835644_W_P_No_3758of2024.pdf,https://supremecourt.gov.bd/translation/process.php?file=2835644_W_P_No_3758of2024.pdf,2835644_W_P_No_3758of2024.pdf,,2026-08-22T14:57:44.635737
SC_HCD_0060,Writ Petition 4230/2024,Writ Petition,4230/2024,2024,High Court Division,Supreme Court of Bangladesh,https://supremecourt.gov.bd/resources/documents/3460561_W_P_No_4230of2024.pdf,https://supremecourt.gov.bd/translation/process.php?file=3460561_W_P_No_4230of2024.pdf,3460561_W_P_No_4230of2024.pdf,,2026-08-22T14:57:44.635798
SC_HCD_0061,Writ Petition (TN) 10358/2020,Writ Petition (TN),10358/2020,2020,High Court Division,Supreme Court of Bangladesh,https://supremecourt.gov.bd/resources/documents/1_W_P_10358of2020.pdf,https://supremecourt.gov.bd/translation/process.php?file=1_W_P_10358of2020.pdf,1_W_P_10358of2020.pdf,,2026-08-22T14:57:44.635852
SC_HCD_0062,Writ Petition 11473/2019,Writ Petition,11473/2019,2019,High Court Division,Supreme Court of Bangladesh,https://supremecourt.gov.bd/resources/documents/1620860_W_P_No_11473of2019.pdf,https://supremecourt.gov.bd/translation/process.php?file=1620860_W_P_No_11473of2019.pdf,1620860_W_P_No_11473of2019.pdf,,2026-08-22T14:57:44.635903
SC_HCD_0063,Writ Petition 18514/2025,Writ Petition,18514/2025,2025,High Court Division,Supreme Court of Bangladesh,https://supremecourt.gov.bd/resources/documents/3464891_W_P_No_18514of2025.pdf,https://supremecourt.gov.bd/translation/process.php?file=3464891_W_P_No_18514of2025.pdf,3464891_W_P_No_18514of2025.pdf,,2026-08-22T14:57:44.635953
SC_HCD_0064,Writ Petition 13834/2025,Writ Petition,13834/2025,2025,High Court Division,Supreme Court of Bangladesh,https://supremecourt.gov.bd/resources/documents/3387688_WritPetitionNo13834of2025Discharged.pdf,https://supremecourt.gov.bd/translation/process.php?file=3387688_WritPetitionNo13834of2025Discharged.pdf,3387688_WritPetitionNo13834of2025Discharged.pdf,,2026-08-22T14:57:44.636004
SC_HCD_0065,Writ Petition 6783/2026,Writ Petition,6783/2026,2026,High Court Division,Supreme Court of Bangladesh,https://supremecourt.gov.bd/resources/documents/3601545_W_P_No_6783of2026.pdf,https://supremecourt.gov.bd/translation/process.php?file=3601545_W_P_No_6783of2026.pdf,3601545_W_P_No_6783of2026.pdf,,2026-08-22T14:57:44.636053
SC_HCD_0066,Death Reference 101/2019,Death Reference,101/2019,2019,High Court Division,Supreme Court of Bangladesh,https://supremecourt.gov.bd/resources/documents/3465993_Death_Reference_1-No.101of2019.pdf,https://supremecourt.gov.bd/translation/process.php?file=3465993_Death_Reference_1-No.101of2019.pdf,3465993_Death_Reference_1-No.101of2019.pdf,,2026-08-22T14:57:44.636109
SC_HCD_0067,Death Reference 65/2019,Death Reference,65/2019,2019,High Court Division,Supreme Court of Bangladesh,https://supremecourt.gov.bd/resources/documents/3240512_Death_Reference_1-No.65of2019.pdf,https://supremecourt.gov.bd/translation/process.php?file=3240512_Death_Reference_1-No.65of2019.pdf,3240512_Death_Reference_1-No.65of2019.pdf,,2026-08-22T14:57:44.636170
SC_HCD_0068,Death Reference 90/2019,Death Reference,90/2019,2019,High Court Division,Supreme Court of Bangladesh,https://supremecourt.gov.bd/resources/documents/3618656_Death_Reference_1-No.90of2019.pdf,https://supremecourt.gov.bd/translation/process.php?file=3618656_Death_Reference_1-No.90of2019.pdf,3618656_Death_Reference_1-No.90of2019.pdf,,2026-08-22T14:57:44.636221
SC_HCD_0069,Death Reference 50/2019,Death Reference,50/2019,2019,High Court Division,Supreme Court of Bangladesh,https://supremecourt.gov.bd/resources/documents/3618605_Death_Reference_1-No.50of2019.pdf,https://supremecourt.gov.bd/translation/process.php?file=3618605_Death_Reference_1-No.50of2019.pdf,3618605_Death_Reference_1-No.50of2019.pdf,,2026-08-22T14:57:44.636272
SC_HCD_0070,Death Reference 77/2019,Death Reference,77/2019,2019,High Court Division,Supreme Court of Bangladesh,https://supremecourt.gov.bd/resources/documents/3618633_Death_Reference_1-No.77of2019.pdf,https://supremecourt.gov.bd/translation/process.php?file=3618633_Death_Reference_1-No.77of2019.pdf,3618633_Death_Reference_1-No.77of2019.pdf,,2026-08-22T14:57:44.636322
SC_HCD_0071,Death Reference 76/2019,Death Reference,76/2019,2019,High Court Division,Supreme Court of Bangladesh,https://supremecourt.gov.bd/resources/documents/3618641_Death_Reference_1-No.76of2019.pdf,https://supremecourt.gov.bd/translation/process.php?file=3618641_Death_Reference_1-No.76of2019.pdf,3618641_Death_Reference_1-No.76of2019.pdf,,2026-08-22T14:57:44.636473
SC_HCD_0072,Criminal Revision 2570/2025,Criminal Revision,2570/2025,2025,High Court Division,Supreme Court of Bangladesh,https://supremecourt.gov.bd/resources/documents/3609870_CriminalRevisionNo.2570of2025(17.08.2026)(discharged).pdf,https://supremecourt.gov.bd/translation/process.php?file=3609870_CriminalRevisionNo.2570of2025(17.08.2026)(discharged).pdf,3609870_CriminalRevisionNo.2570of2025(17.08.2026)(discharged).pdf,,2026-08-22T14:57:44.636532
SC_HCD_0073,Criminal Appeal(H) 8525/2025(Criminal Appeal(H) 8525/2025),Criminal Appeal(H),8525/2025,2025,High Court Division,Supreme Court of Bangladesh,https://supremecourt.gov.bd/resources/documents/3429502_CriminalAppealNo.8525of2025(17.08.2026)(dismissed).pdf,https://supremecourt.gov.bd/translation/process.php?file=3429502_CriminalAppealNo.8525of2025(17.08.2026)(dismissed).pdf,3429502_CriminalAppealNo.8525of2025(17.08.2026)(dismissed).pdf,,2026-08-22T14:57:44.636585
SC_HCD_0074,Criminal Revision 313/2026,Criminal Revision,313/2026,2026,High Court Division,Supreme Court of Bangladesh,https://supremecourt.gov.bd/resources/documents/3688396_CriminalRevisionNo.313of2026(discharged)(16.08.2026).pdf,https://supremecourt.gov.bd/translation/process.php?file=3688396_CriminalRevisionNo.313of2026(discharged)(16.08.2026).pdf,3688396_CriminalRevisionNo.313of2026(discharged)(16.08.2026).pdf,,2026-08-22T14:57:44.636663
SC_HCD_0075,Death Reference 32/2019,Death Reference,32/2019,2019,High Court Division,Supreme Court of Bangladesh,https://supremecourt.gov.bd/resources/documents/3618580_Death_Reference_1-No.32of2019.pdf,https://supremecourt.gov.bd/translation/process.php?file=3618580_Death_Reference_1-No.32of2019.pdf,3618580_Death_Reference_1-No.32of2019.pdf,,2026-08-22T14:57:44.636714
SC_HCD_0076,Civil Revision (TN) 4152/2008,Civil Revision (TN),4152/2008,2008,High Court Division,Supreme Court of Bangladesh,https://supremecourt.gov.bd/resources/documents/1_CivilRevision4152of2008.pdf,https://supremecourt.gov.bd/translation/process.php?file=1_CivilRevision4152of2008.pdf,1_CivilRevision4152of2008.pdf,,2026-08-22T14:57:44.636764
SC_HCD_0077,First Misc Appeal 426/2025,First Misc Appeal,426/2025,2025,High Court Division,Supreme Court of Bangladesh,https://supremecourt.gov.bd/resources/documents/3623031_FIRST_MISCELLANEOUS_APPEAL_426_2025_ALLOWED.pdf,https://supremecourt.gov.bd/translation/process.php?file=3623031_FIRST_MISCELLANEOUS_APPEAL_426_2025_ALLOWED.pdf,3623031_FIRST_MISCELLANEOUS_APPEAL_426_2025_ALLOWED.pdf,,2026-08-22T14:57:44.636845
SC_HCD_0078,First Appeal 224/2020,First Appeal,224/2020,2020,High Court Division,Supreme Court of Bangladesh,https://supremecourt.gov.bd/resources/documents/1776372_FIRST_APPEAL_224_OF_2020_DISMISSED.pdf,https://supremecourt.gov.bd/translation/process.php?file=1776372_FIRST_APPEAL_224_OF_2020_DISMISSED.pdf,1776372_FIRST_APPEAL_224_OF_2020_DISMISSED.pdf,,2026-08-22T14:57:44.636897
SC_HCD_0079,Civil Revision 1808/2026,Civil Revision,1808/2026,2026,High Court Division,Supreme Court of Bangladesh,https://supremecourt.gov.bd/resources/documents/3642758_CIVIL_REVISION_1808_OF_2026_DISCHARGED_.pdf,https://supremecourt.gov.bd/translation/process.php?file=3642758_CIVIL_REVISION_1808_OF_2026_DISCHARGED_.pdf,3642758_CIVIL_REVISION_1808_OF_2026_DISCHARGED_.pdf,,2026-08-22T14:57:44.636947
SC_HCD_0080,Arbitration Application 30/2025,Arbitration Application,30/2025,2025,High Court Division,Supreme Court of Bangladesh,https://supremecourt.gov.bd/resources/documents/3323182_ArbitrationApplicationNo.30of2025.pdf,https://supremecourt.gov.bd/translation/process.php?file=3323182_ArbitrationApplicationNo.30of2025.pdf,3323182_ArbitrationApplicationNo.30of2025.pdf,,2026-08-22T14:57:44.636996
SC_HCD_0081,Civil Revision 1713/2010,Civil Revision,1713/2010,2010,High Court Division,Supreme Court of Bangladesh,https://supremecourt.gov.bd/resources/documents/141592_C.R._No._1713_of_2010.pdf,https://supremecourt.gov.bd/translation/process.php?file=141592_C.R._No._1713_of_2010.pdf,141592_C.R._No._1713_of_2010.pdf,,2026-08-22T14:57:44.637050
SC_HCD_0082,Civil Revision 6125/2023,Civil Revision,6125/2023,2023,High Court Division,Supreme Court of Bangladesh,https://supremecourt.gov.bd/resources/documents/2763321_C_R_6125_2023.pdf,https://supremecourt.gov.bd/translation/process.php?file=2763321_C_R_6125_2023.pdf,2763321_C_R_6125_2023.pdf,,2026-08-22T14:57:44.637144
SC_HCD_0083,Civil Revision 1744/2004,Civil Revision,1744/2004,2004,High Court Division,Supreme Court of Bangladesh,https://supremecourt.gov.bd/resources/documents/79079_C.R._No._1744_of_2004.pdf,https://supremecourt.gov.bd/translation/process.php?file=79079_C.R._No._1744_of_2004.pdf,79079_C.R._No._1744_of_2004.pdf,,2026-08-22T14:57:44.637204
SC_HCD_0084,Civil Revision 2845/2025,Civil Revision,2845/2025,2025,High Court Division,Supreme Court of Bangladesh,https://supremecourt.gov.bd/resources/documents/3618356_C.R._No._2845_of_2025.pdf,https://supremecourt.gov.bd/translation/process.php?file=3618356_C.R._No._2845_of_2025.pdf,3618356_C.R._No._2845_of_2025.pdf,,2026-08-22T14:57:44.637256
SC_HCD_0085,First Appeal 714/2019,First Appeal,714/2019,2019,High Court Division,Supreme Court of Bangladesh,https://supremecourt.gov.bd/resources/documents/1811098_F.A714of2019.pdf,https://supremecourt.gov.bd/translation/process.php?file=1811098_F.A714of2019.pdf,1811098_F.A714of2019.pdf,,2026-08-22T14:57:44.637305
SC_HCD_0086,Writ Petition 472/2015,Writ Petition,472/2015,2015,High Court Division,Supreme Court of Bangladesh,https://supremecourt.gov.bd/resources/documents/813355_WP_472_2015.pdf,https://supremecourt.gov.bd/translation/process.php?file=813355_WP_472_2015.pdf,813355_WP_472_2015.pdf,,2026-08-22T14:57:44.637565
SC_HCD_0087,Civil Revision 1247/2022,Civil Revision,1247/2022,2022,High Court Division,Supreme Court of Bangladesh,https://supremecourt.gov.bd/resources/documents/2350582_C.R._1247_of_2022.pdf,https://supremecourt.gov.bd/translation/process.php?file=2350582_C.R._1247_of_2022.pdf,2350582_C.R._1247_of_2022.pdf,,2026-08-22T14:57:44.637750
SC_HCD_0088,First Misc Appeal 275/1999,First Misc Appeal,275/1999,1999,High Court Division,Supreme Court of Bangladesh,https://supremecourt.gov.bd/resources/documents/16696_F_M_A_275_1999.pdf,https://supremecourt.gov.bd/translation/process.php?file=16696_F_M_A_275_1999.pdf,16696_F_M_A_275_1999.pdf,,2026-08-22T14:57:44.638191
SC_HCD_0089,First Misc Appeal 226/2000,First Misc Appeal,226/2000,2000,High Court Division,Supreme Court of Bangladesh,https://supremecourt.gov.bd/resources/documents/16166_F_M_A_226_2000.pdf,https://supremecourt.gov.bd/translation/process.php?file=16166_F_M_A_226_2000.pdf,16166_F_M_A_226_2000.pdf,,2026-08-22T14:57:44.638317
SC_HCD_0090,First Misc Appeal 163/1998,First Misc Appeal,163/1998,1998,High Court Division,Supreme Court of Bangladesh,https://supremecourt.gov.bd/resources/documents/17182_F_M_A_163_1998.pdf,https://supremecourt.gov.bd/translation/process.php?file=17182_F_M_A_163_1998.pdf,17182_F_M_A_163_1998.pdf,,2026-08-22T14:57:44.638480
SC_HCD_0091,First Misc Appeal 145/1991,First Misc Appeal,145/1991,1991,High Court Division,Supreme Court of Bangladesh,https://supremecourt.gov.bd/resources/documents/16876_F_M_A_145_1991.pdf,https://supremecourt.gov.bd/translation/process.php?file=16876_F_M_A_145_1991.pdf,16876_F_M_A_145_1991.pdf,,2026-08-22T14:57:44.638583
SC_HCD_0092,Civil Revision 4192/2024,Civil Revision,4192/2024,2024,High Court Division,Supreme Court of Bangladesh,https://supremecourt.gov.bd/resources/documents/3030901_C_R_4192_2024.pdf,https://supremecourt.gov.bd/translation/process.php?file=3030901_C_R_4192_2024.pdf,3030901_C_R_4192_2024.pdf,,2026-08-22T14:57:44.638723
SC_HCD_0093,Civil Revision 1/2026,Civil Revision,1/2026,2026,High Court Division,Supreme Court of Bangladesh,https://supremecourt.gov.bd/resources/documents/3465974_C_R_01_2026.pdf,https://supremecourt.gov.bd/translation/process.php?file=3465974_C_R_01_2026.pdf,3465974_C_R_01_2026.pdf,,2026-08-22T14:57:44.638820
SC_HCD_0094,Civil Revision 3132/2018,Civil Revision,3132/2018,2018,High Court Division,Supreme Court of Bangladesh,https://supremecourt.gov.bd/resources/documents/1498934_C_R_3132_2018.pdf,https://supremecourt.gov.bd/translation/process.php?file=1498934_C_R_3132_2018.pdf,1498934_C_R_3132_2018.pdf,,2026-08-22T14:57:44.638913
SC_HCD_0095,First Misc Appeal 591/2025,First Misc Appeal,591/2025,2025,High Court Division,Supreme Court of Bangladesh,https://supremecourt.gov.bd/resources/documents/3508592_FMA_591_2025_withC_Rule_419_FM_2025_Tamannan_Double_Bench.pdf,https://supremecourt.gov.bd/translation/process.php?file=3508592_FMA_591_2025_withC_Rule_419_FM_2025_Tamannan_Double_Bench.pdf,3508592_FMA_591_2025_withC_Rule_419_FM_2025_Tamannan_Double_Bench.pdf,,2026-08-22T14:57:44.639017
SC_HCD_0096,First Appeal 282/2007,First Appeal,282/2007,2007,High Court Division,Supreme Court of Bangladesh,https://supremecourt.gov.bd/resources/documents/5732_F.A.No.2820f2007.pdf,https://supremecourt.gov.bd/translation/process.php?file=5732_F.A.No.2820f2007.pdf,5732_F.A.No.2820f2007.pdf,,2026-08-22T14:57:44.639105
SC_HCD_0097,Civil Revision 3814/2025,Civil Revision,3814/2025,2025,High Court Division,Supreme Court of Bangladesh,https://supremecourt.gov.bd/resources/documents/3375835_C_R_No_3814_2025.pdf,https://supremecourt.gov.bd/translation/process.php?file=3375835_C_R_No_3814_2025.pdf,3375835_C_R_No_3814_2025.pdf,,2026-08-22T14:57:45.780885
SC_HCD_0098,Writ Petition (TN) 4645/2025,Writ Petition (TN),4645/2025,2025,High Court Division,Supreme Court of Bangladesh,https://supremecourt.gov.bd/resources/documents/1_W_P_4645of2025.pdf,https://supremecourt.gov.bd/translation/process.php?file=1_W_P_4645of2025.pdf,1_W_P_4645of2025.pdf,,2026-08-22T14:57:45.780963
SC_HCD_0099,Criminal Revision 726/2026,Criminal Revision,726/2026,2026,High Court Division,Supreme Court of Bangladesh,https://supremecourt.gov.bd/resources/documents/3658574_Crl.Rev.No.726of2026(Disposedof)(06.08.2026).pdf,https://supremecourt.gov.bd/translation/process.php?file=3658574_Crl.Rev.No.726of2026(Disposedof)(06.08.2026).pdf,3658574_Crl.Rev.No.726of2026(Disposedof)(06.08.2026).pdf,,2026-08-22T14:57:45.781021
SC_HCD_0100,Company Matter 459/2024,Company Matter,459/2024,2024,High Court Division,Supreme Court of Bangladesh,https://supremecourt.gov.bd/resources/documents/2827010_CompanyMatterNo.459of2024.pdf,https://supremecourt.gov.bd/translation/process.php?file=2827010_CompanyMatterNo.459of2024.pdf,2827010_CompanyMatterNo.459of2024.pdf,,2026-08-22T14:57:45.781073
SC_HCD_0101,Civil Revision 3226/2024,Civil Revision,3226/2024,2024,High Court Division,Supreme Court of Bangladesh,https://supremecourt.gov.bd/resources/documents/3137850_C_R_No_3226_2024.pdf,https://supremecourt.gov.bd/translation/process.php?file=3137850_C_R_No_3226_2024.pdf,3137850_C_R_No_3226_2024.pdf,,2026-08-22T14:57:45.781129
SC_HCD_0102,Civil Revision 650/2022,Civil Revision,650/2022,2022,High Court Division,Supreme Court of Bangladesh,https://supremecourt.gov.bd/resources/documents/2130564_C_R_No_650_2022.pdf,https://supremecourt.gov.bd/translation/process.php?file=2130564_C_R_No_650_2022.pdf,2130564_C_R_No_650_2022.pdf,,2026-08-22T14:57:45.781180
SC_HCD_0103,Civil Revision 3949/2025,Civil Revision,3949/2025,2025,High Court Division,Supreme Court of Bangladesh,https://supremecourt.gov.bd/resources/documents/3393886_C_R_No_3949_2025.pdf,https://supremecourt.gov.bd/translation/process.php?file=3393886_C_R_No_3949_2025.pdf,3393886_C_R_No_3949_2025.pdf,,2026-08-22T14:57:45.781230
SC_HCD_0104,Civil Revision 5634/2007,Civil Revision,5634/2007,2007,High Court Division,Supreme Court of Bangladesh,https://supremecourt.gov.bd/resources/documents/108740_C.R.No.5634of2007_Discharged.pdf,https://supremecourt.gov.bd/translation/process.php?file=108740_C.R.No.5634of2007_Discharged.pdf,108740_C.R.No.5634of2007_Discharged.pdf,,2026-08-22T14:57:45.781281
SC_HCD_0105,Civil Revision 72/2012,Civil Revision,72/2012,2012,High Court Division,Supreme Court of Bangladesh,https://supremecourt.gov.bd/resources/documents/431838_C.R.No.72of2012Discharged.pdf,https://supremecourt.gov.bd/translation/process.php?file=431838_C.R.No.72of2012Discharged.pdf,431838_C.R.No.72of2012Discharged.pdf,,2026-08-22T14:57:45.781329
SC_HCD_0106,First Misc Appeal 45/1999,First Misc Appeal,45/1999,1999,High Court Division,Supreme Court of Bangladesh,https://supremecourt.gov.bd/resources/documents/16345_First_Miscellaneous_Appeal45of1999Disposed_of_18.05.2026.pdf,https://supremecourt.gov.bd/translation/process.php?file=16345_First_Miscellaneous_Appeal45of1999Disposed_of_18.05.2026.pdf,16345_First_Miscellaneous_Appeal45of1999Disposed_of_18.05.2026.pdf,,2026-08-22T14:57:45.781379
SC_HCD_0107,Civil Revision (TN) 9634/2007(Civil Revision (TN) 9634/2007),Civil Revision (TN),9634/2007,2007,High Court Division,Supreme Court of Bangladesh,https://supremecourt.gov.bd/resources/documents/1_C.R.No.5634of2007Discharged.pdf,https://supremecourt.gov.bd/translation/process.php?file=1_C.R.No.5634of2007Discharged.pdf,1_C.R.No.5634of2007Discharged.pdf,,2026-08-22T14:57:45.781435
SC_HCD_0108,Writ Petition 12714/2025,Writ Petition,12714/2025,2025,High Court Division,Supreme Court of Bangladesh,https://supremecourt.gov.bd/resources/documents/3345961_WPNo.12714-2025Discharged.pdf,https://supremecourt.gov.bd/translation/process.php?file=3345961_WPNo.12714-2025Discharged.pdf,3345961_WPNo.12714-2025Discharged.pdf,,2026-08-22T14:57:45.781487
SC_HCD_0109,First Misc Appeal 157/2011,First Misc Appeal,157/2011,2011,High Court Division,Supreme Court of Bangladesh,https://supremecourt.gov.bd/resources/documents/349825_First_Misc.Appeal157of2011allowed_dt.16.07.2026.pdf,https://supremecourt.gov.bd/translation/process.php?file=349825_First_Misc.Appeal157of2011allowed_dt.16.07.2026.pdf,349825_First_Misc.Appeal157of2011allowed_dt.16.07.2026.pdf,,2026-08-22T14:57:45.781534
SC_HCD_0110,Civil Revision 431/2008,Civil Revision,431/2008,2008,High Court Division,Supreme Court of Bangladesh,https://supremecourt.gov.bd/resources/documents/26038_Civil_Revision_431of2008discharged_dt.09.07.2026.pdf,https://supremecourt.gov.bd/translation/process.php?file=26038_Civil_Revision_431of2008discharged_dt.09.07.2026.pdf,26038_Civil_Revision_431of2008discharged_dt.09.07.2026.pdf,,2026-08-22T14:57:45.781582
SC_HCD_0111,Civil Revision 3916/2019,Civil Revision,3916/2019,2019,High Court Division,Supreme Court of Bangladesh,https://supremecourt.gov.bd/resources/documents/1887986_C_R_3916_2019.pdf,https://supremecourt.gov.bd/translation/process.php?file=1887986_C_R_3916_2019.pdf,1887986_C_R_3916_2019.pdf,,2026-08-22T14:57:45.781628
SC_HCD_0112,Civil Revision 834/2016,Civil Revision,834/2016,2016,High Court Division,Supreme Court of Bangladesh,https://supremecourt.gov.bd/resources/documents/970364_C.R._No_834_of_2016.pdf,https://supremecourt.gov.bd/translation/process.php?file=970364_C.R._No_834_of_2016.pdf,970364_C.R._No_834_of_2016.pdf,,2026-08-22T14:57:45.781673
SC_HCD_0113,First Misc Appeal 385/2025,First Misc Appeal,385/2025,2025,High Court Division,Supreme Court of Bangladesh,https://supremecourt.gov.bd/resources/documents/3380340_FMANo.385of2025.pdf,https://supremecourt.gov.bd/translation/process.php?file=3380340_FMANo.385of2025.pdf,3380340_FMANo.385of2025.pdf,,2026-08-22T14:57:45.781720
SC_HCD_0114,Civil Revision 716/2020,Civil Revision,716/2020,2020,High Court Division,Supreme Court of Bangladesh,https://supremecourt.gov.bd/resources/documents/1892453_C.R._No._716_of_2020.pdf,https://supremecourt.gov.bd/translation/process.php?file=1892453_C.R._No._716_of_2020.pdf,1892453_C.R._No._716_of_2020.pdf,,2026-08-22T14:57:45.781764
SC_HCD_0115,Civil Revision 5304/2025,Civil Revision,5304/2025,2025,High Court Division,Supreme Court of Bangladesh,https://supremecourt.gov.bd/resources/documents/3457312_C.R._No._5304_of_2025.pdf,https://supremecourt.gov.bd/translation/process.php?file=3457312_C.R._No._5304_of_2025.pdf,3457312_C.R._No._5304_of_2025.pdf,,2026-08-22T14:57:45.781809
SC_HCD_0116,Civil Revision 2991/2025,Civil Revision,2991/2025,2025,High Court Division,Supreme Court of Bangladesh,https://supremecourt.gov.bd/resources/documents/3457634_C.R._No._2991_of_2025.pdf,https://supremecourt.gov.bd/translation/process.php?file=3457634_C.R._No._2991_of_2025.pdf,3457634_C.R._No._2991_of_2025.pdf,,2026-08-22T14:57:45.781852
SC_HCD_0117,First Appeal 37/2025,First Appeal,37/2025,2025,High Court Division,Supreme Court of Bangladesh,https://supremecourt.gov.bd/resources/documents/3222015_First_Appea_1No.37_of_2025.pdf,https://supremecourt.gov.bd/translation/process.php?file=3222015_First_Appea_1No.37_of_2025.pdf,3222015_First_Appea_1No.37_of_2025.pdf,,2026-08-22T14:57:45.781904
SC_HCD_0118,Writ Petition 11004/2017,Writ Petition,11004/2017,2017,High Court Division,Supreme Court of Bangladesh,https://supremecourt.gov.bd/resources/documents/1212153_W_P_No_11004of2017.pdf,https://supremecourt.gov.bd/translation/process.php?file=1212153_W_P_No_11004of2017.pdf,1212153_W_P_No_11004of2017.pdf,,2026-08-22T14:57:45.781948
SC_HCD_0119,Civil Revision 1159/2008,Civil Revision,1159/2008,2008,High Court Division,Supreme Court of Bangladesh,https://supremecourt.gov.bd/resources/documents/126310_Civil_Revision_No_1159_of_2008.pdf,https://supremecourt.gov.bd/translation/process.php?file=126310_Civil_Revision_No_1159_of_2008.pdf,126310_Civil_Revision_No_1159_of_2008.pdf,,2026-08-22T14:57:45.781995
SC_HCD_0120,Civil Revision 2813/2025,Civil Revision,2813/2025,2025,High Court Division,Supreme Court of Bangladesh,https://supremecourt.gov.bd/resources/documents/3618428_Civil_Revision_No_2813_of_2025.pdf,https://supremecourt.gov.bd/translation/process.php?file=3618428_Civil_Revision_No_2813_of_2025.pdf,3618428_Civil_Revision_No_2813_of_2025.pdf,,2026-08-22T14:57:45.782039
SC_HCD_0121,Civil Revision 2519/2013,Civil Revision,2519/2013,2013,High Court Division,Supreme Court of Bangladesh,https://supremecourt.gov.bd/resources/documents/655990_C.R._No._2519_of_2013.pdf,https://supremecourt.gov.bd/translation/process.php?file=655990_C.R._No._2519_of_2013.pdf,655990_C.R._No._2519_of_2013.pdf,,2026-08-22T14:57:45.782087
SC_HCD_0122,Civil Revision 1083/2021,Civil Revision,1083/2021,2021,High Court Division,Supreme Court of Bangladesh,https://supremecourt.gov.bd/resources/documents/2990271_C.R._1083_of_2021.pdf,https://supremecourt.gov.bd/translation/process.php?file=2990271_C.R._1083_of_2021.pdf,2990271_C.R._1083_of_2021.pdf,,2026-08-22T14:57:45.782131
SC_HCD_0123,Criminal Revision 5296/2025,Criminal Revision,5296/2025,2025,High Court Division,Supreme Court of Bangladesh,https://supremecourt.gov.bd/resources/documents/3442776_Crl._Rev._5296_of_2025.pdf,https://supremecourt.gov.bd/translation/process.php?file=3442776_Crl._Rev._5296_of_2025.pdf,3442776_Crl._Rev._5296_of_2025.pdf,,2026-08-22T14:57:45.782176
SC_HCD_0124,Company Matter 340/2026,Company Matter,340/2026,2026,High Court Division,Supreme Court of Bangladesh,https://supremecourt.gov.bd/resources/documents/3533142_cm340of26.pdf,https://supremecourt.gov.bd/translation/process.php?file=3533142_cm340of26.pdf,3533142_cm340of26.pdf,,2026-08-22T14:57:45.782216
SC_HCD_0125,First Misc Appeal 283/2019,First Misc Appeal,283/2019,2019,High Court Division,Supreme Court of Bangladesh,https://supremecourt.gov.bd/resources/documents/3235000_FIRST_MISCELLANEOUS_APPEAL_283_OF_2019_ALLOWED_.pdf,https://supremecourt.gov.bd/translation/process.php?file=3235000_FIRST_MISCELLANEOUS_APPEAL_283_OF_2019_ALLOWED_.pdf,3235000_FIRST_MISCELLANEOUS_APPEAL_283_OF_2019_ALLOWED_.pdf,,2026-08-22T14:57:45.782262
SC_HCD_0126,Criminal Revision (TN) 3359/2019,Criminal Revision (TN),3359/2019,2019,High Court Division,Supreme Court of Bangladesh,https://supremecourt.gov.bd/resources/documents/1_Crl.Rev.No.3359of2019(Disposed)(03.08.2026).pdf,https://supremecourt.gov.bd/translation/process.php?file=1_Crl.Rev.No.3359of2019(Disposed)(03.08.2026).pdf,1_Crl.Rev.No.3359of2019(Disposed)(03.08.2026).pdf,,2026-08-22T14:57:45.782310
SC_HCD_0127,First Appeal 758/2018,First Appeal,758/2018,2018,High Court Division,Supreme Court of Bangladesh,https://supremecourt.gov.bd/resources/documents/1465908_FIRST_APPEAL_758_OF_2018_ALLOWED_.pdf,https://supremecourt.gov.bd/translation/process.php?file=1465908_FIRST_APPEAL_758_OF_2018_ALLOWED_.pdf,1465908_FIRST_APPEAL_758_OF_2018_ALLOWED_.pdf,,2026-08-22T14:57:45.782359
SC_HCD_0128,Writ Petition 1724/2020,Writ Petition,1724/2020,2020,High Court Division,Supreme Court of Bangladesh,https://supremecourt.gov.bd/resources/documents/2238937_W_P_No_1724of2020a.pdf,https://supremecourt.gov.bd/translation/process.php?file=2238937_W_P_No_1724of2020a.pdf,2238937_W_P_No_1724of2020a.pdf,,2026-08-22T14:57:45.782404
SC_HCD_0129,Criminal Revision (TN) 589/2021,Criminal Revision (TN),589/2021,2021,High Court Division,Supreme Court of Bangladesh,https://supremecourt.gov.bd/resources/documents/1_CriminalRevisionNo.589of2021.pdf,https://supremecourt.gov.bd/translation/process.php?file=1_CriminalRevisionNo.589of2021.pdf,1_CriminalRevisionNo.589of2021.pdf,,2026-08-22T14:57:45.782454
SC_HCD_0130,First Appeal 356/2017,First Appeal,356/2017,2017,High Court Division,Supreme Court of Bangladesh,https://supremecourt.gov.bd/resources/documents/1257698_FIRST_APPEAL_356_OF_2017_ALLOWED.pdf,https://supremecourt.gov.bd/translation/process.php?file=1257698_FIRST_APPEAL_356_OF_2017_ALLOWED.pdf,1257698_FIRST_APPEAL_356_OF_2017_ALLOWED.pdf,,2026-08-22T14:57:45.782500
SC_HCD_0131,First Appeal 331/2020,First Appeal,331/2020,2020,High Court Division,Supreme Court of Bangladesh,https://supremecourt.gov.bd/resources/documents/1822516_FIRST_APPEAL_331_OF_2020_ALLOWED.pdf,https://supremecourt.gov.bd/translation/process.php?file=1822516_FIRST_APPEAL_331_OF_2020_ALLOWED.pdf,1822516_FIRST_APPEAL_331_OF_2020_ALLOWED.pdf,,2026-08-22T14:57:45.782550
SC_HCD_0132,Criminal Appeal(H) 92/2005,Criminal Appeal(H),92/2005,2005,High Court Division,Supreme Court of Bangladesh,https://supremecourt.gov.bd/resources/documents/1038432_Crl_Appeal_No_92_of_2005.pdf,https://supremecourt.gov.bd/translation/process.php?file=1038432_Crl_Appeal_No_92_of_2005.pdf,1038432_Crl_Appeal_No_92_of_2005.pdf,,2026-08-22T14:57:45.782596
SC_HCD_0133,Criminal Appeal(H) 8326/2021,Criminal Appeal(H),8326/2021,2021,High Court Division,Supreme Court of Bangladesh,https://supremecourt.gov.bd/resources/documents/1941916_Crl_Appeal_No_8326_of_2021.pdf,https://supremecourt.gov.bd/translation/process.php?file=1941916_Crl_Appeal_No_8326_of_2021.pdf,1941916_Crl_Appeal_No_8326_of_2021.pdf,,2026-08-22T14:57:45.782647
SC_HCD_0134,Civil Revision 3155/2019,Civil Revision,3155/2019,2019,High Court Division,Supreme Court of Bangladesh,https://supremecourt.gov.bd/resources/documents/1682971_Civil_Revision_No_3155_of_2019.pdf,https://supremecourt.gov.bd/translation/process.php?file=1682971_Civil_Revision_No_3155_of_2019.pdf,1682971_Civil_Revision_No_3155_of_2019.pdf,,2026-08-22T14:57:45.782693
SC_HCD_0135,Civil Revision 4274/2011,Civil Revision,4274/2011,2011,High Court Division,Supreme Court of Bangladesh,https://supremecourt.gov.bd/resources/documents/401015_Civil_Revision_No_4274_of_2011.pdf,https://supremecourt.gov.bd/translation/process.php?file=401015_Civil_Revision_No_4274_of_2011.pdf,401015_Civil_Revision_No_4274_of_2011.pdf,,2026-08-22T14:57:45.782740
SC_HCD_0136,Civil Revision 1284/2025,Civil Revision,1284/2025,2025,High Court Division,Supreme Court of Bangladesh,https://supremecourt.gov.bd/resources/documents/3547477_Civil_RevisionNo_1284_of_2025.pdf,https://supremecourt.gov.bd/translation/process.php?file=3547477_Civil_RevisionNo_1284_of_2025.pdf,3547477_Civil_RevisionNo_1284_of_2025.pdf,,2026-08-22T14:57:45.782790
SC_HCD_0137,Civil Revision 2840/2025,Civil Revision,2840/2025,2025,High Court Division,Supreme Court of Bangladesh,https://supremecourt.gov.bd/resources/documents/3397651_Civil_RevisionNo_2840_of_2025.pdf,https://supremecourt.gov.bd/translation/process.php?file=3397651_Civil_RevisionNo_2840_of_2025.pdf,3397651_Civil_RevisionNo_2840_of_2025.pdf,,2026-08-22T14:57:45.782838
SC_HCD_0138,Civil Revision 3884/2015,Civil Revision,3884/2015,2015,High Court Division,Supreme Court of Bangladesh,https://supremecourt.gov.bd/resources/documents/2843733_Civil_RevisionNo_3884_of_2015.pdf,https://supremecourt.gov.bd/translation/process.php?file=2843733_Civil_RevisionNo_3884_of_2015.pdf,2843733_Civil_RevisionNo_3884_of_2015.pdf,,2026-08-22T14:57:45.782882
SC_HCD_0139,Civil Revision 6643/2023,Civil Revision,6643/2023,2023,High Court Division,Supreme Court of Bangladesh,https://supremecourt.gov.bd/resources/documents/2812738_Civil_RevisionNo_6643_of_2023.pdf,https://supremecourt.gov.bd/translation/process.php?file=2812738_Civil_RevisionNo_6643_of_2023.pdf,2812738_Civil_RevisionNo_6643_of_2023.pdf,,2026-08-22T14:57:45.782925
SC_HCD_0140,Writ Petition (TN) 13546/2015,Writ Petition (TN),13546/2015,2015,High Court Division,Supreme Court of Bangladesh,https://supremecourt.gov.bd/resources/documents/1_W_P_No13546of2015.pdf,https://supremecourt.gov.bd/translation/process.php?file=1_W_P_No13546of2015.pdf,1_W_P_No13546of2015.pdf,,2026-08-22T14:57:45.782969
SC_HCD_0141,Civil Revision 1880/2019,Civil Revision,1880/2019,2019,High Court Division,Supreme Court of Bangladesh,https://supremecourt.gov.bd/resources/documents/1668730_cr_1880_2019.pdf,https://supremecourt.gov.bd/translation/process.php?file=1668730_cr_1880_2019.pdf,1668730_cr_1880_2019.pdf,,2026-08-22T14:57:45.783013
SC_HCD_0142,Civil Revision 1739/2012,Civil Revision,1739/2012,2012,High Court Division,Supreme Court of Bangladesh,https://supremecourt.gov.bd/resources/documents/494731_C_R_No_1739_2012.pdf,https://supremecourt.gov.bd/translation/process.php?file=494731_C_R_No_1739_2012.pdf,494731_C_R_No_1739_2012.pdf,,2026-08-22T14:57:45.783056
SC_HCD_0143,Criminal Appeal(H) 6402/2019,Criminal Appeal(H),6402/2019,2019,High Court Division,Supreme Court of Bangladesh,https://supremecourt.gov.bd/resources/documents/1546949_CrlAppealNo6402of2019.pdf,https://supremecourt.gov.bd/translation/process.php?file=1546949_CrlAppealNo6402of2019.pdf,1546949_CrlAppealNo6402of2019.pdf,,2026-08-22T14:57:45.783095
SC_HCD_0144,Criminal Appeal(H) 6401/2019,Criminal Appeal(H),6401/2019,2019,High Court Division,Supreme Court of Bangladesh,https://supremecourt.gov.bd/resources/documents/1546952_CriminalAppealNo6401of2019.pdf,https://supremecourt.gov.bd/translation/process.php?file=1546952_CriminalAppealNo6401of2019.pdf,1546952_CriminalAppealNo6401of2019.pdf,,2026-08-22T14:57:45.783139
SC_HCD_0145,Writ Petition 10207/2023,Writ Petition,10207/2023,2023,High Court Division,Supreme Court of Bangladesh,https://supremecourt.gov.bd/resources/documents/3009816_WRIT_PETITION_1NO.10207_OF_2023.pdf,https://supremecourt.gov.bd/translation/process.php?file=3009816_WRIT_PETITION_1NO.10207_OF_2023.pdf,3009816_WRIT_PETITION_1NO.10207_OF_2023.pdf,,2026-08-22T14:57:45.783184
SC_HCD_0146,Writ Petition 10557/2011,Writ Petition,10557/2011,2011,High Court Division,Supreme Court of Bangladesh,https://supremecourt.gov.bd/resources/documents/415111_WRIT_PETITION_NO1.10557_OF_2011.pdf,https://supremecourt.gov.bd/translation/process.php?file=415111_WRIT_PETITION_NO1.10557_OF_2011.pdf,415111_WRIT_PETITION_NO1.10557_OF_2011.pdf,,2026-08-22T14:57:47.085354
SC_HCD_0147,Civil Revision 4632/2024,Civil Revision,4632/2024,2024,High Court Division,Supreme Court of Bangladesh,https://supremecourt.gov.bd/resources/documents/3096515_C.R._4632_of_2024.pdf,https://supremecourt.gov.bd/translation/process.php?file=3096515_C.R._4632_of_2024.pdf,3096515_C.R._4632_of_2024.pdf,,2026-08-22T14:57:47.085431
SC_HCD_0148,First Appeal 295/2018,First Appeal,295/2018,2018,High Court Division,Supreme Court of Bangladesh,https://supremecourt.gov.bd/resources/documents/1335502_FIRST_APPEAL_295_OF_2018_ALLOWED.pdf,https://supremecourt.gov.bd/translation/process.php?file=1335502_FIRST_APPEAL_295_OF_2018_ALLOWED.pdf,1335502_FIRST_APPEAL_295_OF_2018_ALLOWED.pdf,,2026-08-22T14:57:47.085485
SC_HCD_0149,First Appeal 209/2011,First Appeal,209/2011,2011,High Court Division,Supreme Court of Bangladesh,https://supremecourt.gov.bd/resources/documents/353093_FIRST_APPEAL_209_OF_2011_ALLOWED_.pdf,https://supremecourt.gov.bd/translation/process.php?file=353093_FIRST_APPEAL_209_OF_2011_ALLOWED_.pdf,353093_FIRST_APPEAL_209_OF_2011_ALLOWED_.pdf,,2026-08-22T14:57:47.085535
SC_HCD_0150,Company Matter 274/2021,Company Matter,274/2021,2021,High Court Division,Supreme Court of Bangladesh,https://supremecourt.gov.bd/resources/documents/1942632_CompanyMatterNo.274of2021..pdf,https://supremecourt.gov.bd/translation/process.php?file=1942632_CompanyMatterNo.274of2021..pdf,1942632_CompanyMatterNo.274of2021..pdf,,2026-08-22T14:57:47.085586
SC_HCD_0151,Company Matter 475/2023,Company Matter,475/2023,2023,High Court Division,Supreme Court of Bangladesh,https://supremecourt.gov.bd/resources/documents/2562421_CompanyMatterNo.475of2023.pdf,https://supremecourt.gov.bd/translation/process.php?file=2562421_CompanyMatterNo.475of2023.pdf,2562421_CompanyMatterNo.475of2023.pdf,,2026-08-22T14:57:47.085635
SC_HCD_0152,Company Matter 8/2021,Company Matter,8/2021,2021,High Court Division,Supreme Court of Bangladesh,https://supremecourt.gov.bd/resources/documents/1800856_CompanyMatterNo.8of2021.pdf,https://supremecourt.gov.bd/translation/process.php?file=1800856_CompanyMatterNo.8of2021.pdf,1800856_CompanyMatterNo.8of2021.pdf,,2026-08-22T14:57:47.085683
SC_HCD_0153,First Appeal 276/2013,First Appeal,276/2013,2013,High Court Division,Supreme Court of Bangladesh,https://supremecourt.gov.bd/resources/documents/681260_F.A.No.276of2013-pdf.pdf,https://supremecourt.gov.bd/translation/process.php?file=681260_F.A.No.276of2013-pdf.pdf,681260_F.A.No.276of2013-pdf.pdf,,2026-08-22T14:57:47.085733
SC_HCD_0154,Writ Petition 16246/2018,Writ Petition,16246/2018,2018,High Court Division,Supreme Court of Bangladesh,https://supremecourt.gov.bd/resources/documents/1452159_W_P_No_16246of2018.pdf,https://supremecourt.gov.bd/translation/process.php?file=1452159_W_P_No_16246of2018.pdf,1452159_W_P_No_16246of2018.pdf,,2026-08-22T14:57:47.085783
SC_HCD_0155,Civil Revision 208/2009,Civil Revision,208/2009,2009,High Court Division,Supreme Court of Bangladesh,https://supremecourt.gov.bd/resources/documents/138385_C_R_N_208_2009.pdf,https://supremecourt.gov.bd/translation/process.php?file=138385_C_R_N_208_2009.pdf,138385_C_R_N_208_2009.pdf,,2026-08-22T14:57:47.085831
SC_HCD_0156,Writ Petition (TN) 12675/2022,Writ Petition (TN),12675/2022,2022,High Court Division,Supreme Court of Bangladesh,https://supremecourt.gov.bd/resources/documents/1_WritPetitionNo.12675of2022DischargedC.pdf,https://supremecourt.gov.bd/translation/process.php?file=1_WritPetitionNo.12675of2022DischargedC.pdf,1_WritPetitionNo.12675of2022DischargedC.pdf,,2026-08-22T14:57:47.085893
SC_HCD_0157,Criminal Appeal(H) (TN) 9047/2020,Criminal Appeal(H) (TN),9047/2020,2020,High Court Division,Supreme Court of Bangladesh,https://supremecourt.gov.bd/resources/documents/1_CriminalAppeal9047of2020.pdf,https://supremecourt.gov.bd/translation/process.php?file=1_CriminalAppeal9047of2020.pdf,1_CriminalAppeal9047of2020.pdf,,2026-08-22T14:57:47.085942
SC_HCD_0158,Arbitration Application 30/2026,Arbitration Application,30/2026,2026,High Court Division,Supreme Court of Bangladesh,https://supremecourt.gov.bd/resources/documents/3614861_ArbitrationApplicationNo30of2026.pdf,https://supremecourt.gov.bd/translation/process.php?file=3614861_ArbitrationApplicationNo30of2026.pdf,3614861_ArbitrationApplicationNo30of2026.pdf,,2026-08-22T14:57:47.085993
SC_HCD_0159,Death Reference 30/2019,Death Reference,30/2019,2019,High Court Division,Supreme Court of Bangladesh,https://supremecourt.gov.bd/resources/documents/3618570_Death_Reference_1-No.30of2019.pdf,https://supremecourt.gov.bd/translation/process.php?file=3618570_Death_Reference_1-No.30of2019.pdf,3618570_Death_Reference_1-No.30of2019.pdf,,2026-08-22T14:57:47.086041
SC_HCD_0160,Death Reference 51/2019,Death Reference,51/2019,2019,High Court Division,Supreme Court of Bangladesh,https://supremecourt.gov.bd/resources/documents/3618598_Death_Reference_1-No.51of2019.pdf,https://supremecourt.gov.bd/translation/process.php?file=3618598_Death_Reference_1-No.51of2019.pdf,3618598_Death_Reference_1-No.51of2019.pdf,,2026-08-22T14:57:47.086087
SC_HCD_0161,Writ Petition (TN) 1147/2024,Writ Petition (TN),1147/2024,2024,High Court Division,Supreme Court of Bangladesh,https://supremecourt.gov.bd/resources/documents/1_W_P_11472024-.pdf,https://supremecourt.gov.bd/translation/process.php?file=1_W_P_11472024-.pdf,1_W_P_11472024-.pdf,,2026-08-22T14:57:47.086133
SC_HCD_0162,Criminal Appeal(H) 1153/2018(Criminal Appeal(H) 1153/2018),Criminal Appeal(H),1153/2018,2018,High Court Division,Supreme Court of Bangladesh,https://supremecourt.gov.bd/resources/documents/1472225_CriminalAppealNo.1153of2018(dismissed).pdf,https://supremecourt.gov.bd/translation/process.php?file=1472225_CriminalAppealNo.1153of2018(dismissed).pdf,1472225_CriminalAppealNo.1153of2018(dismissed).pdf,,2026-08-22T14:57:47.086183
SC_HCD_0163,Civil Revision 376/2023,Civil Revision,376/2023,2023,High Court Division,Supreme Court of Bangladesh,https://supremecourt.gov.bd/resources/documents/2493537_C_R_No_376_2023_withC_R_No_290_2023.pdf,https://supremecourt.gov.bd/translation/process.php?file=2493537_C_R_No_376_2023_withC_R_No_290_2023.pdf,2493537_C_R_No_376_2023_withC_R_No_290_2023.pdf,,2026-08-22T14:57:47.086232
SC_HCD_0164,Criminal Appeal(H) (TN) 5989/2023,Criminal Appeal(H) (TN),5989/2023,2023,High Court Division,Supreme Court of Bangladesh,https://supremecourt.gov.bd/resources/documents/1_CriminalAppealNo.5989of2023(Allowed).pdf,https://supremecourt.gov.bd/translation/process.php?file=1_CriminalAppealNo.5989of2023(Allowed).pdf,1_CriminalAppealNo.5989of2023(Allowed).pdf,,2026-08-22T14:57:47.086281
SC_HCD_0165,First Appeal (TN) 5570/2002(First Appeal (TN) 5570/2002),First Appeal (TN),5570/2002,2002,High Court Division,Supreme Court of Bangladesh,https://supremecourt.gov.bd/resources/documents/1_CIVIL_REVISION_5570_OF_2002_DISCHARGED.pdf,https://supremecourt.gov.bd/translation/process.php?file=1_CIVIL_REVISION_5570_OF_2002_DISCHARGED.pdf,1_CIVIL_REVISION_5570_OF_2002_DISCHARGED.pdf,,2026-08-22T14:57:47.086328
SC_HCD_0166,Company Matter 440/2026,Company Matter,440/2026,2026,High Court Division,Supreme Court of Bangladesh,https://supremecourt.gov.bd/resources/documents/3572541_CompanyMatter440of2026.pdf,https://supremecourt.gov.bd/translation/process.php?file=3572541_CompanyMatter440of2026.pdf,3572541_CompanyMatter440of2026.pdf,,2026-08-22T14:57:47.086378
SC_HCD_0167,Civil Revision 1022/2003,Civil Revision,1022/2003,2003,High Court Division,Supreme Court of Bangladesh,https://supremecourt.gov.bd/resources/documents/93526_CivilRevisionNo.1022of2003.pdf,https://supremecourt.gov.bd/translation/process.php?file=93526_CivilRevisionNo.1022of2003.pdf,93526_CivilRevisionNo.1022of2003.pdf,,2026-08-22T14:57:47.086423
SC_HCD_0168,Civil Revision 909/2019,Civil Revision,909/2019,2019,High Court Division,Supreme Court of Bangladesh,https://supremecourt.gov.bd/resources/documents/1576407_CivilRevisionNo.909of2019.pdf,https://supremecourt.gov.bd/translation/process.php?file=1576407_CivilRevisionNo.909of2019.pdf,1576407_CivilRevisionNo.909of2019.pdf,,2026-08-22T14:57:47.086468
SC_HCD_0169,Civil Revision 2846/1994,Civil Revision,2846/1994,1994,High Court Division,Supreme Court of Bangladesh,https://supremecourt.gov.bd/resources/documents/84219_CivilRevisionNo.2846of1994.pdf,https://supremecourt.gov.bd/translation/process.php?file=84219_CivilRevisionNo.2846of1994.pdf,84219_CivilRevisionNo.2846of1994.pdf,,2026-08-22T14:57:47.086512
SC_HCD_0170,Civil Revision 3244/2014,Civil Revision,3244/2014,2014,High Court Division,Supreme Court of Bangladesh,https://supremecourt.gov.bd/resources/documents/809372_CivilRevisionNo.3244of2017.pdf,https://supremecourt.gov.bd/translation/process.php?file=809372_CivilRevisionNo.3244of2017.pdf,809372_CivilRevisionNo.3244of2017.pdf,,2026-08-22T14:57:47.086555
SC_HCD_0171,Writ Petition 14571/2025,Writ Petition,14571/2025,2025,High Court Division,Supreme Court of Bangladesh,https://supremecourt.gov.bd/resources/documents/3565802_W_P_No_14571of2025.pdf,https://supremecourt.gov.bd/translation/process.php?file=3565802_W_P_No_14571of2025.pdf,3565802_W_P_No_14571of2025.pdf,,2026-08-22T14:57:47.086608
SC_HCD_0172,Civil Revision 3755/2011,Civil Revision,3755/2011,2011,High Court Division,Supreme Court of Bangladesh,https://supremecourt.gov.bd/resources/documents/383650_CivilRevisionNo.3755of2011.pdf,https://supremecourt.gov.bd/translation/process.php?file=383650_CivilRevisionNo.3755of2011.pdf,383650_CivilRevisionNo.3755of2011.pdf,,2026-08-22T14:57:47.086653
SC_HCD_0173,Criminal Revision 4210/2023,Criminal Revision,4210/2023,2023,High Court Division,Supreme Court of Bangladesh,https://supremecourt.gov.bd/resources/documents/2910996_Crl.Rev.No.4210of2023(Discharged)(20.07.2026).pdf,https://supremecourt.gov.bd/translation/process.php?file=2910996_Crl.Rev.No.4210of2023(Discharged)(20.07.2026).pdf,2910996_Crl.Rev.No.4210of2023(Discharged)(20.07.2026).pdf,,2026-08-22T14:57:47.086701
SC_HCD_0174,Civil Revision 3218/2009,Civil Revision,3218/2009,2009,High Court Division,Supreme Court of Bangladesh,https://supremecourt.gov.bd/resources/documents/141878_Civil_Revision_No_3218_of_2009.pdf,https://supremecourt.gov.bd/translation/process.php?file=141878_Civil_Revision_No_3218_of_2009.pdf,141878_Civil_Revision_No_3218_of_2009.pdf,,2026-08-22T14:57:47.086746
SC_HCD_0175,Criminal Revision 3790/2023,Criminal Revision,3790/2023,2023,High Court Division,Supreme Court of Bangladesh,https://supremecourt.gov.bd/resources/documents/2721724_Criminal_Revision_No_3790_of_2023.pdf,https://supremecourt.gov.bd/translation/process.php?file=2721724_Criminal_Revision_No_3790_of_2023.pdf,2721724_Criminal_Revision_No_3790_of_2023.pdf,,2026-08-22T14:57:47.086788
SC_HCD_0176,Criminal Appeal(H) 12132/2019(Criminal Appeal(H) 12132/2019),Criminal Appeal(H),12132/2019,2019,High Court Division,Supreme Court of Bangladesh,https://supremecourt.gov.bd/resources/documents/1628654_Crl.Appeal12132of2019(allowed)(07.07.2026).pdf,https://supremecourt.gov.bd/translation/process.php?file=1628654_Crl.Appeal12132of2019(allowed)(07.07.2026).pdf,1628654_Crl.Appeal12132of2019(allowed)(07.07.2026).pdf,,2026-08-22T14:57:47.086841
SC_HCD_0177,Criminal Appeal(H) 7330/2020(Criminal Appeal(H) 7330/2020),Criminal Appeal(H),7330/2020,2020,High Court Division,Supreme Court of Bangladesh,https://supremecourt.gov.bd/resources/documents/1775553_CriminalAppealNo.7330of2020(dismissed)(27.07.2026).pdf,https://supremecourt.gov.bd/translation/process.php?file=1775553_CriminalAppealNo.7330of2020(dismissed)(27.07.2026).pdf,1775553_CriminalAppealNo.7330of2020(dismissed)(27.07.2026).pdf,,2026-08-22T14:57:47.086889
SC_HCD_0178,Civil Revision 5272/2024,Civil Revision,5272/2024,2024,High Court Division,Supreme Court of Bangladesh,https://supremecourt.gov.bd/resources/documents/3171715_C.R._No._5272_of_2024.pdf,https://supremecourt.gov.bd/translation/process.php?file=3171715_C.R._No._5272_of_2024.pdf,3171715_C.R._No._5272_of_2024.pdf,,2026-08-22T14:57:47.086936
SC_HCD_0179,Civil Revision 2691/2024,Civil Revision,2691/2024,2024,High Court Division,Supreme Court of Bangladesh,https://supremecourt.gov.bd/resources/documents/3114050_C.R._No._2691_of_2024.pdf,https://supremecourt.gov.bd/translation/process.php?file=3114050_C.R._No._2691_of_2024.pdf,3114050_C.R._No._2691_of_2024.pdf,,2026-08-22T14:57:47.086982
SC_HCD_0180,Writ Petition 2823/2025,Writ Petition,2823/2025,2025,High Court Division,Supreme Court of Bangladesh,https://supremecourt.gov.bd/resources/documents/3278162_Writ_Petition_2823_2025.pdf,https://supremecourt.gov.bd/translation/process.php?file=3278162_Writ_Petition_2823_2025.pdf,3278162_Writ_Petition_2823_2025.pdf,,2026-08-22T14:57:47.087027
SC_HCD_0181,Writ Petition 1053/2026,Writ Petition,1053/2026,2026,High Court Division,Supreme Court of Bangladesh,https://supremecourt.gov.bd/resources/documents/3466277_Writ_Petition_1053_2026.pdf,https://supremecourt.gov.bd/translation/process.php?file=3466277_Writ_Petition_1053_2026.pdf,3466277_Writ_Petition_1053_2026.pdf,,2026-08-22T14:57:47.087072
SC_HCD_0182,Criminal Appeal(H) (TN) 2254/2020,Criminal Appeal(H) (TN),2254/2020,2020,High Court Division,Supreme Court of Bangladesh,https://supremecourt.gov.bd/resources/documents/1_CriminalAppealNo.2254of2020.pdf,https://supremecourt.gov.bd/translation/process.php?file=1_CriminalAppealNo.2254of2020.pdf,1_CriminalAppealNo.2254of2020.pdf,,2026-08-22T14:57:47.087119
SC_HCD_0183,Civil Revision 2484/2024,Civil Revision,2484/2024,2024,High Court Division,Supreme Court of Bangladesh,https://supremecourt.gov.bd/resources/documents/3475724_C.R._No._2484_of_2024.pdf,https://supremecourt.gov.bd/translation/process.php?file=3475724_C.R._No._2484_of_2024.pdf,3475724_C.R._No._2484_of_2024.pdf,,2026-08-22T14:57:47.087164
SC_HCD_0184,Civil Revision 1104/2008,Civil Revision,1104/2008,2008,High Court Division,Supreme Court of Bangladesh,https://supremecourt.gov.bd/resources/documents/123993_cr_1104_2008.pdf,https://supremecourt.gov.bd/translation/process.php?file=123993_cr_1104_2008.pdf,123993_cr_1104_2008.pdf,,2026-08-22T14:57:47.087214
SC_HCD_0185,Writ Petition 10032/2023,Writ Petition,10032/2023,2023,High Court Division,Supreme Court of Bangladesh,https://supremecourt.gov.bd/resources/documents/3061919_WP_No.10032-2023Discharged.pdf,https://supremecourt.gov.bd/translation/process.php?file=3061919_WP_No.10032-2023Discharged.pdf,3061919_WP_No.10032-2023Discharged.pdf,,2026-08-22T14:57:47.087261
SC_HCD_0186,First Appeal 620/2018,First Appeal,620/2018,2018,High Court Division,Supreme Court of Bangladesh,https://supremecourt.gov.bd/resources/documents/1421259_FIRST_APPEAL_620_OF_2018_DISMISSED.pdf,https://supremecourt.gov.bd/translation/process.php?file=1421259_FIRST_APPEAL_620_OF_2018_DISMISSED.pdf,1421259_FIRST_APPEAL_620_OF_2018_DISMISSED.pdf,,2026-08-22T14:57:47.087315
SC_HCD_0187,First Appeal 308/2016,First Appeal,308/2016,2016,High Court Division,Supreme Court of Bangladesh,https://supremecourt.gov.bd/resources/documents/1056443_FIRST_APPEAL_308_OF_2016_DISMISSED.pdf,https://supremecourt.gov.bd/translation/process.php?file=1056443_FIRST_APPEAL_308_OF_2016_DISMISSED.pdf,1056443_FIRST_APPEAL_308_OF_2016_DISMISSED.pdf,,2026-08-22T14:57:47.087364
SC_HCD_0188,First Misc Appeal 240/2001,First Misc Appeal,240/2001,2001,High Court Division,Supreme Court of Bangladesh,https://supremecourt.gov.bd/resources/documents/16539_First_Misc_appeal240of2001dismissed_dt02.07.2026.pdf,https://supremecourt.gov.bd/translation/process.php?file=16539_First_Misc_appeal240of2001dismissed_dt02.07.2026.pdf,16539_First_Misc_appeal240of2001dismissed_dt02.07.2026.pdf,,2026-08-22T14:57:47.087450
SC_HCD_0189,First Misc Appeal 169/2015,First Misc Appeal,169/2015,2015,High Court Division,Supreme Court of Bangladesh,https://supremecourt.gov.bd/resources/documents/841723_First_Misc.Appeal169of2015dismissed_dt16.07.2026.pdf,https://supremecourt.gov.bd/translation/process.php?file=841723_First_Misc.Appeal169of2015dismissed_dt16.07.2026.pdf,841723_First_Misc.Appeal169of2015dismissed_dt16.07.2026.pdf,,2026-08-22T14:57:47.087542
SC_HCD_0190,First Misc Appeal 193/2006,First Misc Appeal,193/2006,2006,High Court Division,Supreme Court of Bangladesh,https://supremecourt.gov.bd/resources/documents/17191_First_Misc.Appeal193of2006dismissed_dt08.07.2026.pdf,https://supremecourt.gov.bd/translation/process.php?file=17191_First_Misc.Appeal193of2006dismissed_dt08.07.2026.pdf,17191_First_Misc.Appeal193of2006dismissed_dt08.07.2026.pdf,,2026-08-22T14:57:47.087595
SC_HCD_0191,First Misc Appeal 280/2001,First Misc Appeal,280/2001,2001,High Court Division,Supreme Court of Bangladesh,https://supremecourt.gov.bd/resources/documents/21994_First_Misc_Appeal280of2001dismissed_dt12.07.2026.pdf,https://supremecourt.gov.bd/translation/process.php?file=21994_First_Misc_Appeal280of2001dismissed_dt12.07.2026.pdf,21994_First_Misc_Appeal280of2001dismissed_dt12.07.2026.pdf,,2026-08-22T14:57:47.087642
SC_HCD_0192,Civil Revision 3656/2025,Civil Revision,3656/2025,2025,High Court Division,Supreme Court of Bangladesh,https://supremecourt.gov.bd/resources/documents/3492202_CivilRevision3656_2025.pdf,https://supremecourt.gov.bd/translation/process.php?file=3492202_CivilRevision3656_2025.pdf,3492202_CivilRevision3656_2025.pdf,,2026-08-22T14:57:47.087688
SC_HCD_0193,First Appeal 448/2018,First Appeal,448/2018,2018,High Court Division,Supreme Court of Bangladesh,https://supremecourt.gov.bd/resources/documents/1363364_FIRST_APPEAL_448_OF_2018_ALLOWED.pdf,https://supremecourt.gov.bd/translation/process.php?file=1363364_FIRST_APPEAL_448_OF_2018_ALLOWED.pdf,1363364_FIRST_APPEAL_448_OF_2018_ALLOWED.pdf,,2026-08-22T14:57:47.087734
SC_HCD_0194,Writ Petition 582/2009,Writ Petition,582/2009,2009,High Court Division,Supreme Court of Bangladesh,https://supremecourt.gov.bd/resources/documents/178593_W.PNo.582of2009.pdf,https://supremecourt.gov.bd/translation/process.php?file=178593_W.PNo.582of2009.pdf,178593_W.PNo.582of2009.pdf,,2026-08-22T14:57:47.087779
SC_HCD_0195,Civil Revision 4401/2022,Civil Revision,4401/2022,2022,High Court Division,Supreme Court of Bangladesh,https://supremecourt.gov.bd/resources/documents/2251317_C.R.No.4401of2022Absolute.pdf,https://supremecourt.gov.bd/translation/process.php?file=2251317_C.R.No.4401of2022Absolute.pdf,2251317_C.R.No.4401of2022Absolute.pdf,,2026-08-22T14:57:47.087824
SC_HCD_0196,Criminal Revision 2024/2023,Criminal Revision,2024/2023,2023,High Court Division,Supreme Court of Bangladesh,https://supremecourt.gov.bd/resources/documents/2588156_CriminalRevisionNo.2024of2023(discharged)(22.07.2026).pdf,https://supremecourt.gov.bd/translation/process.php?file=2588156_CriminalRevisionNo.2024of2023(discharged)(22.07.2026).pdf,2588156_CriminalRevisionNo.2024of2023(discharged)(22.07.2026).pdf,,2026-08-22T14:57:48.203651
SC_HCD_0197,Civil Revision 5863/2022,Civil Revision,5863/2022,2022,High Court Division,Supreme Court of Bangladesh,https://supremecourt.gov.bd/resources/documents/2808395_C.R._5863_of_2022_(2).pdf,https://supremecourt.gov.bd/translation/process.php?file=2808395_C.R._5863_of_2022_(2).pdf,2808395_C.R._5863_of_2022_(2).pdf,,2026-08-22T14:57:48.203783
SC_HCD_0198,Criminal Revision (TN) 1452/2021,Criminal Revision (TN),1452/2021,2021,High Court Division,Supreme Court of Bangladesh,https://supremecourt.gov.bd/resources/documents/1_CriminalRevisionNo.1452of2021.pdf,https://supremecourt.gov.bd/translation/process.php?file=1_CriminalRevisionNo.1452of2021.pdf,1_CriminalRevisionNo.1452of2021.pdf,,2026-08-22T14:57:48.203846
SC_HCD_0199,Company Matter 465/2026,Company Matter,465/2026,2026,High Court Division,Supreme Court of Bangladesh,https://supremecourt.gov.bd/resources/documents/3577245_CompanyMatterNo.465of2026.pdf,https://supremecourt.gov.bd/translation/process.php?file=3577245_CompanyMatterNo.465of2026.pdf,3577245_CompanyMatterNo.465of2026.pdf,,2026-08-22T14:57:48.203901
SC_HCD_0200,Company Matter 287/2024,Company Matter,287/2024,2024,High Court Division,Supreme Court of Bangladesh,https://supremecourt.gov.bd/resources/documents/2753613_CompanyMatterNo.287of2024.pdf,https://supremecourt.gov.bd/translation/process.php?file=2753613_CompanyMatterNo.287of2024.pdf,2753613_CompanyMatterNo.287of2024.pdf,,2026-08-22T14:57:48.203960
SC_HCD_0201,Arbitration Application 8/2025,Arbitration Application,8/2025,2025,High Court Division,Supreme Court of Bangladesh,https://supremecourt.gov.bd/resources/documents/3183936_ArbitrationAppealNo.08of2025.pdf,https://supremecourt.gov.bd/translation/process.php?file=3183936_ArbitrationAppealNo.08of2025.pdf,3183936_ArbitrationAppealNo.08of2025.pdf,,2026-08-22T14:57:48.204018
SC_HCD_0202,First Appeal 272/2007,First Appeal,272/2007,2007,High Court Division,Supreme Court of Bangladesh,https://supremecourt.gov.bd/resources/documents/5832_F.A.No.2720f2007.pdf,https://supremecourt.gov.bd/translation/process.php?file=5832_F.A.No.2720f2007.pdf,5832_F.A.No.2720f2007.pdf,,2026-08-22T14:57:48.204101
SC_HCD_0203,Writ Petition 123/2005,Writ Petition,123/2005,2005,High Court Division,Supreme Court of Bangladesh,https://supremecourt.gov.bd/resources/documents/201455_WP_123_2005.pdf,https://supremecourt.gov.bd/translation/process.php?file=201455_WP_123_2005.pdf,201455_WP_123_2005.pdf,,2026-08-22T14:57:48.204237
SC_HCD_0204,Civil Revision (TN) 1405/2025,Civil Revision (TN),1405/2025,2025,High Court Division,Supreme Court of Bangladesh,https://supremecourt.gov.bd/resources/documents/1_CivilRevisionNo_1405_2025.pdf,https://supremecourt.gov.bd/translation/process.php?file=1_CivilRevisionNo_1405_2025.pdf,1_CivilRevisionNo_1405_2025.pdf,,2026-08-22T14:57:48.204367
SC_HCD_0205,Writ Petition 2364/2026,Writ Petition,2364/2026,2026,High Court Division,Supreme Court of Bangladesh,https://supremecourt.gov.bd/resources/documents/3552095_WP_No.2364of2026Absolute.pdf,https://supremecourt.gov.bd/translation/process.php?file=3552095_WP_No.2364of2026Absolute.pdf,3552095_WP_No.2364of2026Absolute.pdf,,2026-08-22T14:57:48.204462
SC_HCD_0206,Criminal Appeal(H) (TN) 2288/2025,Criminal Appeal(H) (TN),2288/2025,2025,High Court Division,Supreme Court of Bangladesh,https://supremecourt.gov.bd/resources/documents/1_CriminalAppealNo.2288of2025(Disposedof).pdf,https://supremecourt.gov.bd/translation/process.php?file=1_CriminalAppealNo.2288of2025(Disposedof).pdf,1_CriminalAppealNo.2288of2025(Disposedof).pdf,,2026-08-22T14:57:48.204549
SC_HCD_0207,Writ Petition 17664/2025,Writ Petition,17664/2025,2025,High Court Division,Supreme Court of Bangladesh,https://supremecourt.gov.bd/resources/documents/3479927_WP_No.17664-2025Discharged.pdf,https://supremecourt.gov.bd/translation/process.php?file=3479927_WP_No.17664-2025Discharged.pdf,3479927_WP_No.17664-2025Discharged.pdf,,2026-08-22T14:57:48.204627
SC_HCD_0208,Civil Revision 5502/2007,Civil Revision,5502/2007,2007,High Court Division,Supreme Court of Bangladesh,https://supremecourt.gov.bd/resources/documents/109561_C.R.No.5502of2007Discharged.pdf,https://supremecourt.gov.bd/translation/process.php?file=109561_C.R.No.5502of2007Discharged.pdf,109561_C.R.No.5502of2007Discharged.pdf,,2026-08-22T14:57:48.204713
SC_HCD_0209,Civil Revision 5257/2007,Civil Revision,5257/2007,2007,High Court Division,Supreme Court of Bangladesh,https://supremecourt.gov.bd/resources/documents/107501_C.R.No.5257of2007Absolute.pdf,https://supremecourt.gov.bd/translation/process.php?file=107501_C.R.No.5257of2007Absolute.pdf,107501_C.R.No.5257of2007Absolute.pdf,,2026-08-22T14:57:48.204806
SC_HCD_0210,Criminal Appeal(H) (TN) 6094/2018,Criminal Appeal(H) (TN),6094/2018,2018,High Court Division,Supreme Court of Bangladesh,https://supremecourt.gov.bd/resources/documents/1_CriminalAppealNo.6094of2018(dismissed)(14.07.2026).pdf,https://supremecourt.gov.bd/translation/process.php?file=1_CriminalAppealNo.6094of2018(dismissed)(14.07.2026).pdf,1_CriminalAppealNo.6094of2018(dismissed)(14.07.2026).pdf,,2026-08-22T14:57:48.204923
SC_HCD_0211,First Appeal 294/2013,First Appeal,294/2013,2013,High Court Division,Supreme Court of Bangladesh,https://supremecourt.gov.bd/resources/documents/681506_FIRST_APPEAL_294_2013_ALLOWED.pdf,https://supremecourt.gov.bd/translation/process.php?file=681506_FIRST_APPEAL_294_2013_ALLOWED.pdf,681506_FIRST_APPEAL_294_2013_ALLOWED.pdf,,2026-08-22T14:57:48.205006
SC_HCD_0212,Criminal Revision 6169/2024,Criminal Revision,6169/2024,2024,High Court Division,Supreme Court of Bangladesh,https://supremecourt.gov.bd/resources/documents/3404603_CriminalRevisionNo.6169of2024.pdf,https://supremecourt.gov.bd/translation/process.php?file=3404603_CriminalRevisionNo.6169of2024.pdf,3404603_CriminalRevisionNo.6169of2024.pdf,,2026-08-22T14:57:48.205097
SC_HCD_0213,Criminal Revision (TN) 5054/2025,Criminal Revision (TN),5054/2025,2025,High Court Division,Supreme Court of Bangladesh,https://supremecourt.gov.bd/resources/documents/1_CriminalRevisionNo.5054of2025.pdf,https://supremecourt.gov.bd/translation/process.php?file=1_CriminalRevisionNo.5054of2025.pdf,1_CriminalRevisionNo.5054of2025.pdf,,2026-08-22T14:57:48.205184
SC_HCD_0214,Civil Revision 5848/2024,Civil Revision,5848/2024,2024,High Court Division,Supreme Court of Bangladesh,https://supremecourt.gov.bd/resources/documents/3078115_C.R._No._5848_of_2024_(2).pdf,https://supremecourt.gov.bd/translation/process.php?file=3078115_C.R._No._5848_of_2024_(2).pdf,3078115_C.R._No._5848_of_2024_(2).pdf,,2026-08-22T14:57:48.205285
SC_HCD_0215,Arbitration Appeal 5/2022,Arbitration Appeal,5/2022,2022,High Court Division,Supreme Court of Bangladesh,https://supremecourt.gov.bd/resources/documents/2130404_ArbitrationAppeal_No.05of2022allowed_dt.25.06.2026.pdf,https://supremecourt.gov.bd/translation/process.php?file=2130404_ArbitrationAppeal_No.05of2022allowed_dt.25.06.2026.pdf,2130404_ArbitrationAppeal_No.05of2022allowed_dt.25.06.2026.pdf,,2026-08-22T14:57:48.205364
SC_HCD_0216,First Appeal 219/2012,First Appeal,219/2012,2012,High Court Division,Supreme Court of Bangladesh,https://supremecourt.gov.bd/resources/documents/685758_FIRST_APPEAL_219_OF_2012_ALLOWED.pdf,https://supremecourt.gov.bd/translation/process.php?file=685758_FIRST_APPEAL_219_OF_2012_ALLOWED.pdf,685758_FIRST_APPEAL_219_OF_2012_ALLOWED.pdf,,2026-08-22T14:57:48.205445
SC_HCD_0217,Civil Revision 2508/2025,Civil Revision,2508/2025,2025,High Court Division,Supreme Court of Bangladesh,https://supremecourt.gov.bd/resources/documents/3355151_C_R_No_2508_of_2025_Discharged_Final.pdf,https://supremecourt.gov.bd/translation/process.php?file=3355151_C_R_No_2508_of_2025_Discharged_Final.pdf,3355151_C_R_No_2508_of_2025_Discharged_Final.pdf,,2026-08-22T14:57:48.205523
SC_HCD_0218,Criminal Appeal(H) 3220/2025(Criminal Appeal(H) 3220/2025),Criminal Appeal(H),3220/2025,2025,High Court Division,Supreme Court of Bangladesh,https://supremecourt.gov.bd/resources/documents/3209255_CriminalAppealNo.3220of2025(dismissed)(15.07.2026).pdf,https://supremecourt.gov.bd/translation/process.php?file=3209255_CriminalAppealNo.3220of2025(dismissed)(15.07.2026).pdf,3209255_CriminalAppealNo.3220of2025(dismissed)(15.07.2026).pdf,,2026-08-22T14:57:48.205605
SC_HCD_0219,Arbitration Application 7/2026,Arbitration Application,7/2026,2026,High Court Division,Supreme Court of Bangladesh,https://supremecourt.gov.bd/resources/documents/3511952_ArbitrationApplication07of2026.pdf,https://supremecourt.gov.bd/translation/process.php?file=3511952_ArbitrationApplication07of2026.pdf,3511952_ArbitrationApplication07of2026.pdf,,2026-08-22T14:57:48.205685
SC_HCD_0220,Criminal Appeal(H) (TN) 13319/2018,Criminal Appeal(H) (TN),13319/2018,2018,High Court Division,Supreme Court of Bangladesh,https://supremecourt.gov.bd/resources/documents/1_CriminalAppeaNo.13319of2018.pdf,https://supremecourt.gov.bd/translation/process.php?file=1_CriminalAppeaNo.13319of2018.pdf,1_CriminalAppeaNo.13319of2018.pdf,,2026-08-22T14:57:48.205766
SC_HCD_0221,First Appeal 335/2020,First Appeal,335/2020,2020,High Court Division,Supreme Court of Bangladesh,https://supremecourt.gov.bd/resources/documents/1866767_F.A.No.335of2020.pdf,https://supremecourt.gov.bd/translation/process.php?file=1866767_F.A.No.335of2020.pdf,1866767_F.A.No.335of2020.pdf,,2026-08-22T14:57:48.205845
SC_HCD_0222,Writ Petition 15309/2022,Writ Petition,15309/2022,2022,High Court Division,Supreme Court of Bangladesh,https://supremecourt.gov.bd/resources/documents/2260538_W.P.No.15309of2022.pdf,https://supremecourt.gov.bd/translation/process.php?file=2260538_W.P.No.15309of2022.pdf,2260538_W.P.No.15309of2022.pdf,,2026-08-22T14:57:48.205946
SC_HCD_0223,Writ Petition 12838/2016,Writ Petition,12838/2016,2016,High Court Division,Supreme Court of Bangladesh,https://supremecourt.gov.bd/resources/documents/1039378_W.P.No.12838of2016.pdf,https://supremecourt.gov.bd/translation/process.php?file=1039378_W.P.No.12838of2016.pdf,1039378_W.P.No.12838of2016.pdf,,2026-08-22T14:57:48.206026
SC_HCD_0224,Writ Petition 4233/2015,Writ Petition,4233/2015,2015,High Court Division,Supreme Court of Bangladesh,https://supremecourt.gov.bd/resources/documents/847197_W.P.No.4233of2015.pdf,https://supremecourt.gov.bd/translation/process.php?file=847197_W.P.No.4233of2015.pdf,847197_W.P.No.4233of2015.pdf,,2026-08-22T14:57:48.206105
SC_HCD_0225,Writ Petition 7723/2014,Writ Petition,7723/2014,2014,High Court Division,Supreme Court of Bangladesh,https://supremecourt.gov.bd/resources/documents/777632_W.P.No.7723of2014Absolute.pdf,https://supremecourt.gov.bd/translation/process.php?file=777632_W.P.No.7723of2014Absolute.pdf,777632_W.P.No.7723of2014Absolute.pdf,,2026-08-22T14:57:48.206173
SC_HCD_0226,Writ Petition 1297/2008,Writ Petition,1297/2008,2008,High Court Division,Supreme Court of Bangladesh,https://supremecourt.gov.bd/resources/documents/175306_W.P.No.1297of2008.pdf,https://supremecourt.gov.bd/translation/process.php?file=175306_W.P.No.1297of2008.pdf,175306_W.P.No.1297of2008.pdf,,2026-08-22T14:57:48.206223
SC_HCD_0227,Writ Petition 15837/2024,Writ Petition,15837/2024,2024,High Court Division,Supreme Court of Bangladesh,https://supremecourt.gov.bd/resources/documents/3362361_W.P.No.15837of2024.pdf,https://supremecourt.gov.bd/translation/process.php?file=3362361_W.P.No.15837of2024.pdf,3362361_W.P.No.15837of2024.pdf,,2026-08-22T14:57:48.206272
SC_HCD_0228,Writ Petition 6641/2021,Writ Petition,6641/2021,2021,High Court Division,Supreme Court of Bangladesh,https://supremecourt.gov.bd/resources/documents/2001349_W.P.No.6641of2021Absolute.pdf,https://supremecourt.gov.bd/translation/process.php?file=2001349_W.P.No.6641of2021Absolute.pdf,2001349_W.P.No.6641of2021Absolute.pdf,,2026-08-22T14:57:48.206317
SC_HCD_0229,Writ Petition 18927/2025,Writ Petition,18927/2025,2025,High Court Division,Supreme Court of Bangladesh,https://supremecourt.gov.bd/resources/documents/3444132_W.P.No.18927of2025Disposedof.pdf,https://supremecourt.gov.bd/translation/process.php?file=3444132_W.P.No.18927of2025Disposedof.pdf,3444132_W.P.No.18927of2025Disposedof.pdf,,2026-08-22T14:57:48.206364
SC_HCD_0230,First Appeal 443/2017,First Appeal,443/2017,2017,High Court Division,Supreme Court of Bangladesh,https://supremecourt.gov.bd/resources/documents/1626110_F.A._No._443_of_2017_Allowed_dt_24.06.2026.pdf,https://supremecourt.gov.bd/translation/process.php?file=1626110_F.A._No._443_of_2017_Allowed_dt_24.06.2026.pdf,1626110_F.A._No._443_of_2017_Allowed_dt_24.06.2026.pdf,,2026-08-22T14:57:48.206411
SC_HCD_0231,First Appeal 111/2015,First Appeal,111/2015,2015,High Court Division,Supreme Court of Bangladesh,https://supremecourt.gov.bd/resources/documents/823702_FIRST_APPEAL_111_OF_2015_DISCHARGED.pdf,https://supremecourt.gov.bd/translation/process.php?file=823702_FIRST_APPEAL_111_OF_2015_DISCHARGED.pdf,823702_FIRST_APPEAL_111_OF_2015_DISCHARGED.pdf,,2026-08-22T14:57:48.206459
SC_HCD_0232,Criminal Misc 29329/2024,Criminal Misc,29329/2024,2024,High Court Division,Supreme Court of Bangladesh,https://supremecourt.gov.bd/resources/documents/2921557_Crl.mis.no.29329_2024.pdf,https://supremecourt.gov.bd/translation/process.php?file=2921557_Crl.mis.no.29329_2024.pdf,2921557_Crl.mis.no.29329_2024.pdf,,2026-08-22T14:57:48.206506
SC_HCD_0233,Death Reference 20/2019,Death Reference,20/2019,2019,High Court Division,Supreme Court of Bangladesh,https://supremecourt.gov.bd/resources/documents/3618547_Death_Reference_1No.20of2019.pdf,https://supremecourt.gov.bd/translation/process.php?file=3618547_Death_Reference_1No.20of2019.pdf,3618547_Death_Reference_1No.20of2019.pdf,,2026-08-22T14:57:48.206552
SC_HCD_0234,Criminal Appeal(H) 6931/2025,Criminal Appeal(H),6931/2025,2025,High Court Division,Supreme Court of Bangladesh,https://supremecourt.gov.bd/resources/documents/3362617_Crl_Appeal_No_6931_of_2025.pdf,https://supremecourt.gov.bd/translation/process.php?file=3362617_Crl_Appeal_No_6931_of_2025.pdf,3362617_Crl_Appeal_No_6931_of_2025.pdf,,2026-08-22T14:57:48.206598
SC_HCD_0235,Writ Petition 9303/2025,Writ Petition,9303/2025,2025,High Court Division,Supreme Court of Bangladesh,https://supremecourt.gov.bd/resources/documents/3270924_W_P_No_9303of2025.pdf,https://supremecourt.gov.bd/translation/process.php?file=3270924_W_P_No_9303of2025.pdf,3270924_W_P_No_9303of2025.pdf,,2026-08-22T14:57:48.206645
SC_HCD_0236,First Misc Appeal 1/2025,First Misc Appeal,1/2025,2025,High Court Division,Supreme Court of Bangladesh,https://supremecourt.gov.bd/resources/documents/3611050_FIRST_MISCELLANEOUS_APPEAL_1_OF_2025_ALLOWED.pdf,https://supremecourt.gov.bd/translation/process.php?file=3611050_FIRST_MISCELLANEOUS_APPEAL_1_OF_2025_ALLOWED.pdf,3611050_FIRST_MISCELLANEOUS_APPEAL_1_OF_2025_ALLOWED.pdf,,2026-08-22T14:57:48.206693
SC_HCD_0237,In re : VC Civil Revision (TN) 4572/2022,In re : VC Civil Revision (TN),4572/2022,2022,High Court Division,Supreme Court of Bangladesh,https://supremecourt.gov.bd/resources/documents/1_Crl_Appeal_No_4572_of_2022.pdf,https://supremecourt.gov.bd/translation/process.php?file=1_Crl_Appeal_No_4572_of_2022.pdf,1_Crl_Appeal_No_4572_of_2022.pdf,,2026-08-22T14:57:48.206750
SC_HCD_0238,Arbitration Application 36/2025,Arbitration Application,36/2025,2025,High Court Division,Supreme Court of Bangladesh,https://supremecourt.gov.bd/resources/documents/3438896_ArbitrationApplicationNo.36of2025.pdf,https://supremecourt.gov.bd/translation/process.php?file=3438896_ArbitrationApplicationNo.36of2025.pdf,3438896_ArbitrationApplicationNo.36of2025.pdf,,2026-08-22T14:57:48.206800
SC_HCD_0239,Criminal Appeal(H) 10423/2023(Criminal Appeal(H) 10423/2023),Criminal Appeal(H),10423/2023,2023,High Court Division,Supreme Court of Bangladesh,https://supremecourt.gov.bd/resources/documents/2581326_Crl.AppealNo.10423of2023(29.06.2027)(allowed).pdf,https://supremecourt.gov.bd/translation/process.php?file=2581326_Crl.AppealNo.10423of2023(29.06.2027)(allowed).pdf,2581326_Crl.AppealNo.10423of2023(29.06.2027)(allowed).pdf,,2026-08-22T14:57:48.206850
SC_HCD_0240,Criminal Revision 966/2023,Criminal Revision,966/2023,2023,High Court Division,Supreme Court of Bangladesh,https://supremecourt.gov.bd/resources/documents/2702552_Criminal_Revision_No_966_2023.pdf,https://supremecourt.gov.bd/translation/process.php?file=2702552_Criminal_Revision_No_966_2023.pdf,2702552_Criminal_Revision_No_966_2023.pdf,,2026-08-22T14:57:48.206912
SC_HCD_0241,Death Reference 27/2019,Death Reference,27/2019,2019,High Court Division,Supreme Court of Bangladesh,https://supremecourt.gov.bd/resources/documents/3618551_Death_Reference_1No.32of2019.pdf,https://supremecourt.gov.bd/translation/process.php?file=3618551_Death_Reference_1No.32of2019.pdf,3618551_Death_Reference_1No.32of2019.pdf,,2026-08-22T14:57:48.206999
SC_HCD_0242,Death Reference 5/2019,Death Reference,5/2019,2019,High Court Division,Supreme Court of Bangladesh,https://supremecourt.gov.bd/resources/documents/2996273_Death_Reference_1No.05of2019.pdf,https://supremecourt.gov.bd/translation/process.php?file=2996273_Death_Reference_1No.05of2019.pdf,2996273_Death_Reference_1No.05of2019.pdf,,2026-08-22T14:57:48.207052
SC_HCD_0243,Death Reference 3/2019,Death Reference,3/2019,2019,High Court Division,Supreme Court of Bangladesh,https://supremecourt.gov.bd/resources/documents/2996271_Death_Reference_1No.03of2019.pdf,https://supremecourt.gov.bd/translation/process.php?file=2996271_Death_Reference_1No.03of2019.pdf,2996271_Death_Reference_1No.03of2019.pdf,,2026-08-22T14:57:48.207096
SC_HCD_0244,Writ Petition 16505/2024,Writ Petition,16505/2024,2024,High Court Division,Supreme Court of Bangladesh,https://supremecourt.gov.bd/resources/documents/3068411_Writ_Petition_No_16505_2024.pdf,https://supremecourt.gov.bd/translation/process.php?file=3068411_Writ_Petition_No_16505_2024.pdf,3068411_Writ_Petition_No_16505_2024.pdf,,2026-08-22T14:57:48.207140
SC_HCD_0245,Company Matter 368/2024,Company Matter,368/2024,2024,High Court Division,Supreme Court of Bangladesh,https://supremecourt.gov.bd/resources/documents/2773920_CompanyMatter368of2024.pdf,https://supremecourt.gov.bd/translation/process.php?file=2773920_CompanyMatter368of2024.pdf,2773920_CompanyMatter368of2024.pdf,,2026-08-22T14:57:48.207184
